trade_id,entry_time,entry_price,exit_time,exit_price,exit_reason,size,pnl,pnl_pct,is_partial,entry_pos,exit_pos,bars_held,capital_before,capital_after,stop_price,tp_price,risk_used,tier_at_entry
0,2023-02-17 02:00:00,23787.0,2023-02-17 20:00:00,24578.196428571428,take_profit,15.79885796826685,12499.99999999997,3.326171558294142,False,0.5,0.5,72,100000.0,112499.99999999997,23470.52142857143,24578.196428571428,5000,Tier 1: $0k-$150k ($5.0k risk)
1,2023-02-18 10:00:00,24527.3,2023-02-18 18:00:00,24789.585714285713,take_profit,47.65795206971621,12499.999999999827,1.06936236065818,False,0.5,0.5,32,112499.99999999997,124999.9999999998,24422.385714285712,24789.585714285713,5000,Tier 1: $0k-$150k ($5.0k risk)
2,2023-02-19 08:00:00,24605.5,2023-02-19 15:15:00,24889.99642857143,take_profit,43.93728266736966,12500.00000000008,1.1562310400984757,False,0.5,0.5,29,124999.9999999998,137499.99999999988,24491.70142857143,24889.99642857143,5000,Tier 1: $0k-$150k ($5.0k risk)
3,2023-03-15 03:30:00,24753.9,2023-03-15 05:00:00,24858.4,pos_exit,17.3363449041053,1811.6480424790038,0.4221557007178666,False,0.5,-0.5,6,137499.99999999988,139311.6480424789,24465.488571428574,25474.928571428572,5000,Tier 1: $0k-$150k ($5.0k risk)
4,2023-03-15 06:00:00,24705.6,2023-03-15 06:45:00,24799.9,pos_exit,29.983723121733934,2827.4650903795973,0.38169483841721275,False,0.5,-0.5,3,139311.6480424789,142139.11313285847,24538.842857142856,25122.492857142854,5000,Tier 1: $0k-$150k ($5.0k risk)
5,2023-03-15 08:15:00,24814.8,2023-03-15 08:45:00,24768.8,pos_exit,27.177922209021567,-1250.184421614992,-0.18537324499895225,False,0.5,-0.5,2,142139.11313285847,140888.92871124347,24630.827142857142,25274.73214285714,5000,Tier 1: $0k-$150k ($5.0k risk)
6,2023-03-15 10:15:00,24469.1,2023-03-15 12:30:00,24996.917857142857,take_profit,23.682412087503256,12500.000000000085,2.157079161648193,False,0.5,0.5,9,140888.92871124347,153388.92871124356,24257.972857142857,24996.917857142857,5000,Tier 1: $0k-$150k ($5.0k risk)
7,2023-03-19 00:15:00,26977.8,2023-03-19 15:00:00,27631.682142857142,take_profit,40.14484917006647,26249.999999999854,2.4237785989114857,False,0.5,0.25,59,153388.92871124356,179638.9287112434,26716.24714285714,27631.682142857142,10500,Tier 2: $150k-$225k ($10.5k risk)
8,2023-03-20 06:30:00,27459.1,2023-03-20 07:30:00,28068.978571428568,take_profit,43.041354836442856,26249.999999999924,2.2210435572490344,False,0.5,0.5,4,179638.9287112434,205888.92871124332,27215.14857142857,28068.978571428568,10500,Tier 2: $150k-$225k ($10.5k risk)
9,2023-04-28 08:30:00,29199.9,2023-04-28 13:30:00,29036.20285714286,stop_loss,64.14284218242803,-10499.999999999998,-0.5606085735127224,False,0.5,0.5,20,205888.92871124332,195388.92871124332,29036.20285714286,29609.14285714286,10500,Tier 2: $150k-$225k ($10.5k risk)
10,2023-05-06 08:00:00,29245.0,2023-05-06 12:30:00,29120.69714285714,stop_loss,84.4711074334565,-10500.0,-0.4250396893241872,False,0.5,0.5,18,195388.92871124332,184888.92871124332,29120.69714285714,29555.757142857146,10500,Tier 2: $150k-$225k ($10.5k risk)
11,2023-05-30 00:15:00,27661.8,2023-05-30 10:30:00,27973.875,take_profit,84.11439557798488,26249.99999999969,1.1281803787172229,False,0.75,0.75,41,184888.92871124332,211138.928711243,27536.969999999998,27973.875,10500,Tier 2: $150k-$225k ($10.5k risk)
12,2023-06-07 09:45:00,26476.5,2023-06-07 11:30:00,26898.664285714283,take_profit,62.17958479264967,26249.99999999966,1.5944867551008757,False,0.75,0.25,7,211138.928711243,237388.92871124265,26307.634285714284,26898.664285714283,10500,Tier 2: $150k-$225k ($10.5k risk)
13,2023-06-18 00:30:00,26406.8,2023-06-18 05:15:00,26605.024999999998,take_profit,184.44948921679705,36562.49999999932,0.7506589211869615,False,0.75,0.75,19,237388.92871124265,273951.428711242,26327.51,26605.024999999998,14625,Tier 3: $225k-$338k ($14.6k risk)
14,2023-06-22 06:15:00,30120.6,2023-06-22 11:00:00,29949.04714285714,stop_loss,85.25069324739493,-14625.0,-0.5695532530655384,False,0.5,0.5,19,273951.428711242,259326.42871124198,29949.04714285714,30549.48214285714,14625,Tier 3: $225k-$338k ($14.6k risk)
15,2023-06-24 07:30:00,30593.6,2023-06-24 15:30:00,30493.365714285712,stop_loss,145.90815802975746,-14625.0,-0.327631549455725,False,0.5,0.5,32,259326.42871124198,244701.42871124198,30493.365714285712,30844.185714285715,14625,Tier 3: $225k-$338k ($14.6k risk)
16,2023-06-28 04:00:00,30416.3,2023-06-28 07:15:00,30276.967142857142,stop_loss,104.96447356279394,-14625.0,-0.45808614835748396,False,0.5,0.5,13,244701.42871124198,230076.42871124198,30276.967142857142,30764.632142857146,14625,Tier 3: $225k-$338k ($14.6k risk)
17,2023-08-30 09:15:00,27327.5,2023-08-30 13:30:00,27245.63857142857,stop_loss,178.65556777132124,-14625.0,-0.2995569611981645,False,0.75,0.75,17,230076.42871124198,215451.42871124198,27245.63857142857,27532.153571428567,14625,Tier 3: $225k-$338k ($14.6k risk)
18,2023-11-10 04:00:00,36727.1,2023-11-10 07:15:00,36548.79714285714,stop_loss,64.77742524757184,-11550.000000000002,-0.4854803595787813,False,1.0,1.0,13,215451.42871124198,203901.42871124198,36548.79714285714,37239.72071428571,10500,Tier 2: $150k-$225k ($10.5k risk)
19,2023-12-20 01:30:00,42332.3,2023-12-20 04:45:00,42828.360714285714,take_profit,52.91690965247736,26250.000000000386,1.1718255664958237,False,0.75,0.5,13,203901.42871124198,230151.42871124236,42133.87571428572,42828.360714285714,10500,Tier 2: $150k-$225k ($10.5k risk)
20,2023-12-21 08:45:00,43709.9,2023-12-21 13:45:00,44266.42142857143,take_profit,65.69827884948558,36562.5,1.273215972975074,False,0.5,0.5,20,230151.42871124236,266713.9287112424,43487.29142857143,44266.42142857143,14625,Tier 3: $225k-$338k ($14.6k risk)
21,2024-01-03 00:00:00,45042.3,2024-01-03 03:00:00,45312.8,pos_exit,42.23129756821989,11423.56599220348,0.60054659730964,False,0.5,-0.5,12,266713.9287112424,278137.4947034459,44695.99285714286,45908.067857142865,14625,Tier 3: $225k-$338k ($14.6k risk)
22,2024-01-05 11:45:00,43769.9,2024-01-05 13:15:00,43907.0,pos_exit,40.034491254003704,5488.7287509238495,0.31322895414428303,False,0.75,-0.25,6,278137.4947034459,283626.2234543697,43404.590000000004,44683.175,14625,Tier 3: $225k-$338k ($14.6k risk)
23,2024-01-09 09:45:00,46497.8,2024-01-09 12:45:00,46215.997142857144,stop_loss,51.89798339264505,-14625.0,-0.6060563234020934,False,0.5,0.5,12,283626.2234543697,269001.2234543697,46215.997142857144,47202.30714285715,14625,Tier 3: $225k-$338k ($14.6k risk)
24,2024-01-10 05:30:00,45965.2,2024-01-10 08:15:00,45728.474285714285,stop_loss,61.780360634369366,-14625.0,-0.5150107348292022,False,0.75,0.75,11,269001.2234543697,254376.2234543697,45728.474285714285,46557.01428571428,14625,Tier 3: $225k-$338k ($14.6k risk)
25,2024-01-27 07:30:00,41664.1,2024-01-27 08:15:00,41543.17857142857,stop_loss,120.94630515683397,-14625.0,-0.29022930669671515,False,0.75,0.75,3,254376.2234543697,239751.2234543697,41543.17857142857,41966.40357142857,14625,Tier 3: $225k-$338k ($14.6k risk)
26,2024-01-27 08:15:00,41619.6,2024-01-27 08:45:00,41481.34714285714,stop_loss,105.78443225146586,-14625.0,-0.3321820900317534,False,0.75,0.75,2,239751.2234543697,225126.2234543697,41481.34714285714,41965.232142857145,14625,Tier 3: $225k-$338k ($14.6k risk)
27,2024-01-27 08:45:00,41455.4,2024-01-27 19:30:00,41894.889285714286,take_profit,83.19315439186819,36562.500000000306,1.0601496685939202,False,0.75,0.75,43,225126.2234543697,261688.72345437,41279.60428571429,41894.889285714286,14625,Tier 3: $225k-$338k ($14.6k risk)
28,2024-01-31 00:45:00,42913.0,2024-01-31 09:45:00,42608.311428571425,stop_loss,52.799814330322704,-16087.500000000002,-0.7100146142860544,False,1.25,1.25,36,261688.72345437,245601.22345437,42608.311428571425,43788.97964285714,14625,Tier 3: $225k-$338k ($14.6k risk)
29,2024-02-10 07:45:00,47130.5,2024-02-10 10:45:00,47003.87,stop_loss,127.04335465529759,-16087.500000000002,-0.26867951750988717,False,1.0,1.0,12,245601.22345437,229513.72345437,47003.87,47494.56125,14625,Tier 3: $225k-$338k ($14.6k risk)
30,2024-02-10 10:45:00,46872.6,2024-02-10 19:15:00,47419.486607142855,take_profit,84.57249070631953,46251.562499999854,1.1667511662311383,False,1.0,1.0,34,229513.72345437,275765.2859543698,46682.37857142857,47419.486607142855,14625,Tier 3: $225k-$338k ($14.6k risk)
31,2024-02-13 11:00:00,49730.4,2024-02-13 13:30:00,49475.49428571429,stop_loss,63.111570664784004,-16087.500000000002,-0.5125752342344174,False,1.25,1.25,10,275765.2859543698,259677.7859543698,49475.49428571429,50463.25392857143,14625,Tier 3: $225k-$338k ($14.6k risk)
32,2024-02-14 01:30:00,49363.4,2024-02-14 08:45:00,50132.405000000006,take_profit,60.14468371466954,46251.56249999973,1.5578444758667447,False,1.0,1.0,29,259677.7859543698,305929.3484543695,49095.92,50132.405000000006,14625,Tier 3: $225k-$338k ($14.6k risk)
33,2024-02-21 03:30:00,52062.9,2024-02-21 04:30:00,51874.14428571428,stop_loss,85.22920781962888,-16087.5,-0.3625532083032612,False,1.0,1.0,4,305929.3484543695,289841.8484543695,51874.14428571428,52605.572678571436,14625,Tier 3: $225k-$338k ($14.6k risk)
34,2024-03-01 01:00:00,61422.0,2024-03-04 00:00:00,63365.10160714285,take_profit,23.802956227290892,46251.56249999991,3.1635270866185614,False,1.25,1.0,284,289841.8484543695,336093.41095436946,60746.13857142857,63365.10160714285,14625,Tier 3: $225k-$338k ($14.6k risk)
35,2024-03-07 06:45:00,65931.7,2024-03-07 14:30:00,67498.32999999999,take_profit,36.407766990291194,57037.499999999534,2.3761407638510614,False,1.75,1.75,31,336093.41095436946,393130.910954369,65449.659999999996,67498.32999999999,14625,Tier 3: $225k-$338k ($14.6k risk)
36,2024-03-08 08:15:00,67093.1,2024-03-08 14:30:00,68301.37571428572,take_profit,65.3617374463964,78975.0,1.8008941519853983,False,1.75,1.75,25,393130.910954369,472105.910954369,66721.32285714286,68301.37571428572,20250,Tier 4: $338k-$507k ($20.2k risk)
37,2024-03-09 10:00:00,68263.9,2024-03-09 10:15:00,68001.96142857142,stop_loss,92.76984243852047,-24299.999999999996,-0.38371463017579505,False,1.75,1.75,1,472105.910954369,447805.910954369,68001.96142857142,69115.20035714285,20250,Tier 4: $338k-$507k ($20.2k risk)
38,2024-03-09 10:15:00,68113.8,2024-03-10 01:00:00,69003.91928571428,take_profit,88.72406346821792,78974.99999999806,1.3068119613268885,False,1.75,1.75,59,447805.910954369,526780.910954367,67839.91714285714,69003.91928571428,20250,Tier 4: $338k-$507k ($20.2k risk)
39,2024-03-11 00:00:00,68909.4,2024-03-11 00:30:00,68441.43857142856,stop_loss,71.80078944235244,-33600.0,-0.6790966523746169,False,1.75,1.75,2,526780.910954367,493180.910954367,68441.43857142856,70430.27464285714,28000,Tier 5: $507k-$760k ($28.0k risk)
40,2024-03-12 06:15:00,71590.0,2024-03-12 15:00:00,70982.78285714285,stop_loss,40.01863301431337,-24300.000000000004,-0.8481870971604211,False,1.75,1.25,35,493180.910954367,468880.910954367,70982.78285714285,73563.45571428572,20250,Tier 4: $338k-$507k ($20.2k risk)
41,2024-03-21 11:15:00,66926.0,2024-03-21 15:00:00,66357.67571428571,stop_loss,42.757278917720164,-24300.000000000004,-0.8491831062879756,False,1.75,1.75,15,468880.910954367,444580.910954367,66357.67571428571,68773.05392857143,20250,Tier 4: $338k-$507k ($20.2k risk)
42,2024-03-22 00:30:00,65690.1,2024-03-22 10:15:00,65121.96857142858,stop_loss,39.20747714311601,-22275.0,-0.8648661344272959,False,1.25,0.75,39,444580.910954367,422305.910954367,65121.96857142858,67323.47785714286,20250,Tier 4: $338k-$507k ($20.2k risk)
43,2024-03-27 00:00:00,69972.6,2024-03-27 08:45:00,69570.86571428573,stop_loss,55.44709722844612,-22275.000000000004,-0.5741308536688351,False,1.25,1.25,35,422305.910954367,400030.910954367,69570.86571428573,71127.58607142858,20250,Tier 4: $338k-$507k ($20.2k risk)
44,2024-03-29 03:15:00,70349.3,2024-03-29 06:00:00,70081.55,stop_loss,83.19327731092437,-22275.0,-0.3806008019980298,False,1.25,1.25,11,400030.910954367,377755.910954367,70081.55,71119.08125,20250,Tier 4: $338k-$507k ($20.2k risk)
45,2024-03-29 06:15:00,70379.8,2024-03-29 07:30:00,70060.7242857143,stop_loss,69.81101664182043,-22275.000000000004,-0.45336263286582756,False,1.25,1.25,5,377755.910954367,355480.910954367,70060.7242857143,71297.14267857141,20250,Tier 4: $338k-$507k ($20.2k risk)
46,2024-04-05 06:15:00,67000.0,2024-04-05 09:15:00,66452.77428571429,stop_loss,37.00483999812051,-20249.999999999996,-0.8167547974413618,False,0.75,0.75,12,355480.910954367,335230.910954367,66452.77428571429,68368.0642857143,20250,Tier 4: $338k-$507k ($20.2k risk)
47,2024-04-05 09:45:00,66817.4,2024-04-05 12:00:00,66264.27285714285,stop_loss,26.440575532879,-14625.0,-0.8278190154916969,False,0.75,0.75,9,335230.910954367,320605.910954367,66264.27285714285,68200.21785714285,14625,Tier 3: $225k-$338k ($14.6k risk)
48,2024-04-09 00:30:00,71488.7,2024-04-09 01:00:00,71123.72428571428,stop_loss,44.078275266847726,-16087.500000000002,-0.5105362306010774,False,1.25,1.25,2,320605.910954367,304518.410954367,71123.72428571428,72538.00517857143,14625,Tier 3: $225k-$338k ($14.6k risk)
49,2024-04-09 01:00:00,71122.6,2024-04-09 06:30:00,70690.69,stop_loss,37.247343196498974,-16087.500000000002,-0.6072753245803774,False,1.25,1.25,22,304518.410954367,288430.910954367,70690.69,72364.34125000001,14625,Tier 3: $225k-$338k ($14.6k risk)
50,2024-04-09 06:30:00,70826.1,2024-04-09 07:45:00,70375.66285714287,stop_loss,35.715305132158186,-16087.500000000002,-0.635976204897816,False,1.25,1.25,5,288430.910954367,272343.410954367,70375.66285714287,72121.10678571428,14625,Tier 3: $225k-$338k ($14.6k risk)
51,2024-04-09 09:00:00,70809.2,2024-04-09 13:45:00,70122.43571428572,stop_loss,23.425067864832233,-16087.500000000002,-0.9698800236611602,False,1.25,1.25,19,272343.410954367,256255.91095436702,70122.43571428572,72783.64732142855,14625,Tier 3: $225k-$338k ($14.6k risk)
52,2024-04-20 00:45:00,63407.4,2024-04-20 06:00:00,64006.1,pos_exit,22.449180974935985,13440.324649694108,0.9442115589032148,False,1.25,-0.25,21,256255.91095436702,269696.2356040611,62690.781428571434,65467.678392857146,14625,Tier 3: $225k-$338k ($14.6k risk)
53,2024-04-20 09:00:00,63521.7,2024-04-20 15:30:00,64253.23928571429,take_profit,49.9802276022664,36562.49999999982,1.151636819723487,False,0.75,0.75,26,269696.2356040611,306258.73560406093,63229.08428571428,64253.23928571429,14625,Tier 3: $225k-$338k ($14.6k risk)
54,2024-04-22 01:45:00,64634.3,2024-04-22 03:45:00,65917.10857142857,take_profit,36.05492162286768,46251.56249999994,1.9847179770316532,False,1.25,1.25,8,306258.73560406093,352510.2981040609,64188.10571428572,65917.10857142857,14625,Tier 3: $225k-$338k ($14.6k risk)
55,2024-05-14 06:30:00,61973.4,2024-05-14 10:15:00,61507.67571428571,stop_loss,43.48066145818897,-20250.0,-0.7514906164810901,False,0.75,0.75,15,352510.2981040609,332260.2981040609,61507.67571428571,63137.71071428572,20250,Tier 4: $338k-$507k ($20.2k risk)
56,2024-05-22 02:45:00,70042.0,2024-05-22 04:30:00,69715.26142857144,stop_loss,53.71266674536795,-17550.0,-0.46648949405865464,False,1.75,1.75,7,332260.2981040609,314710.2981040609,69715.26142857144,71103.90035714285,14625,Tier 3: $225k-$338k ($14.6k risk)
57,2024-05-22 04:30:00,69372.7,2024-05-22 15:30:00,70533.04749999999,take_profit,49.15553314847507,57037.499999999636,1.6726284258793287,False,1.75,1.75,44,314710.2981040609,371747.7981040605,69015.67,70533.04749999999,14625,Tier 3: $225k-$338k ($14.6k risk)
58,2024-05-26 02:30:00,68905.2,2024-05-26 07:30:00,69468.8475,take_profit,140.11416709911168,78974.99999999745,0.8180043015621555,False,1.75,1.75,20,371747.7981040605,450722.79810405796,68731.76999999999,69468.8475,20250,Tier 4: $338k-$507k ($20.2k risk)
59,2024-05-31 07:30:00,68212.6,2024-05-31 09:15:00,67963.60857142859,stop_loss,89.46091087473253,-22275.000000000004,-0.36502263302002635,False,1.25,1.25,7,450722.79810405796,428447.79810405796,67963.60857142859,68928.45035714285,20250,Tier 4: $338k-$507k ($20.2k risk)
60,2024-06-04 05:45:00,68995.4,2024-06-04 09:00:00,68759.21428571429,stop_loss,94.31137724551297,-22275.0,-0.3423209580431512,False,1.25,0.75,13,428447.79810405796,406172.79810405796,68759.21428571429,69674.4339285714,20250,Tier 4: $338k-$507k ($20.2k risk)
61,2024-06-04 09:45:00,68752.5,2024-06-04 13:15:00,69451.54285714286,take_profit,72.42045245539902,50625.000000001055,1.016752637566436,False,0.75,1.25,14,406172.79810405796,456797.798104059,68472.88285714286,69451.54285714286,20250,Tier 4: $338k-$507k ($20.2k risk)
62,2024-06-06 05:15:00,70880.0,2024-06-06 12:15:00,71416.94321428571,take_profit,119.26889714994235,64040.62500000196,0.7575383948726175,False,1.0,1.25,28,456797.798104059,520838.423104061,70693.23714285715,71416.94321428571,20250,Tier 4: $338k-$507k ($20.2k risk)
63,2024-06-13 02:30:00,67882.4,2024-06-13 03:15:00,67526.01285714285,stop_loss,78.56624617691014,-28000.0,-0.5250066922459191,False,0.75,0.75,3,520838.423104061,492838.423104061,67526.01285714285,68773.36785714285,28000,Tier 5: $507k-$760k ($28.0k risk)
64,2024-06-26 08:45:00,61458.4,2024-06-26 10:15:00,61206.77285714286,stop_loss,80.47621480762389,-20250.0,-0.4094267713724108,False,0.75,1.25,6,492838.423104061,472588.423104061,61206.77285714286,62087.46785714286,20250,Tier 4: $338k-$507k ($20.2k risk)
65,2024-06-26 10:15:00,61293.1,2024-06-26 17:00:00,61017.32714285714,stop_loss,80.7729964100883,-22275.0,-0.4499247992724462,False,1.25,1.25,27,472588.423104061,450313.423104061,61017.32714285714,62085.946964285715,20250,Tier 4: $338k-$507k ($20.2k risk)
66,2024-06-28 04:00:00,61712.1,2024-06-28 07:45:00,61345.85142857143,stop_loss,60.81934985606953,-22275.0,-0.5934793523937318,False,1.25,1.25,15,450313.423104061,428038.423104061,61345.85142857143,62765.06464285714,20250,Tier 4: $338k-$507k ($20.2k risk)
67,2024-06-28 08:15:00,61373.7,2024-06-28 14:15:00,61134.981428571424,stop_loss,93.31071255453149,-22275.0,-0.3889590678557319,False,1.25,1.25,24,428038.423104061,405763.423104061,61134.981428571424,62060.01589285713,20250,Tier 4: $338k-$507k ($20.2k risk)
68,2024-07-02 07:15:00,62678.9,2024-07-02 08:00:00,62493.48714285715,stop_loss,120.13729977117049,-22275.000000000004,-0.2958138339103779,False,1.25,1.25,3,405763.423104061,383488.423104061,62493.48714285715,63211.96196428571,20250,Tier 4: $338k-$507k ($20.2k risk)
69,2024-07-02 08:15:00,62681.1,2024-07-02 14:00:00,62437.47,stop_loss,91.42962689324074,-22275.0,-0.38868175574455044,False,1.25,1.25,23,383488.423104061,361213.423104061,62437.47,63381.53624999999,20250,Tier 4: $338k-$507k ($20.2k risk)
70,2024-07-07 07:15:00,57249.3,2024-07-07 13:15:00,56936.729999999996,stop_loss,71.26403685574273,-22275.000000000004,-0.5459804748704473,False,1.25,1.25,24,361213.423104061,338938.423104061,56936.729999999996,58147.938750000016,20250,Tier 4: $338k-$507k ($20.2k risk)
71,2024-07-16 08:30:00,62706.5,2024-07-16 15:45:00,64791.65535714285,take_profit,30.712639602907455,64040.6250000002,3.3252619060908395,False,1.25,1.25,29,338938.423104061,402979.04810406116,61981.228571428575,64791.65535714285,20250,Tier 4: $338k-$507k ($20.2k risk)
72,2024-07-21 07:15:00,66637.3,2024-07-21 15:30:00,67391.14964285714,take_profit,84.951456310682,64040.62500000139,1.1312727899496797,False,1.0,1.0,33,402979.04810406116,467019.67310406256,66375.09142857144,67391.14964285714,20250,Tier 4: $338k-$507k ($20.2k risk)
73,2024-08-14 07:00:00,60726.5,2024-08-14 12:15:00,61688.05196428571,take_profit,66.60131472725264,64040.62500000061,1.5834141013984189,False,1.25,1.25,21,467019.67310406256,531060.2981040631,60392.04714285715,61688.05196428571,20250,Tier 4: $338k-$507k ($20.2k risk)
74,2024-10-19 06:45:00,68311.9,2024-10-19 11:00:00,68163.12999999999,stop_loss,207.0309874302558,-30800.0,-0.21778050383608724,False,1.25,1.25,17,531060.2981040631,500260.29810406314,68163.12999999999,68739.61374999999,28000,Tier 5: $507k-$760k ($28.0k risk)
75,2024-10-19 11:45:00,68071.6,2024-10-20 14:00:00,68501.60553571429,take_profit,148.92976876128864,64040.62500000245,0.6316959432631003,False,1.25,1.25,105,500260.29810406314,564300.9231040656,67922.03285714287,68501.60553571429,20250,Tier 4: $338k-$507k ($20.2k risk)
76,2024-10-30 08:45:00,72266.5,2024-10-30 11:45:00,71996.19142857143,stop_loss,113.94385252832808,-30800.0,-0.37404408879435125,False,1.25,1.25,12,564300.9231040656,533500.9231040656,71996.19142857143,73043.63714285713,28000,Tier 5: $507k-$760k ($28.0k risk)
77,2024-11-07 11:45:00,74776.9,2024-11-07 15:30:00,75662.45339285713,take_profit,99.99397067894637,88549.99999999818,1.184260637786721,False,1.0,1.0,15,533500.9231040656,622050.9231040637,74468.88142857142,75662.45339285713,28000,Tier 5: $507k-$760k ($28.0k risk)
78,2024-11-08 08:30:00,75820.0,2024-11-08 18:30:00,76771.94124999999,take_profit,93.02044637733668,88549.99999999882,1.2555278950144935,False,1.25,1.25,40,622050.9231040637,710600.9231040626,75488.89,76771.94124999999,28000,Tier 5: $507k-$760k ($28.0k risk)
79,2024-11-13 08:45:00,87287.6,2024-11-13 13:45:00,89742.17642857143,take_profit,44.48832748856595,109200.00000000016,2.812056269815443,False,1.5,1.5,20,710600.9231040626,819800.9231040627,86532.34571428572,89742.17642857143,28000,Tier 5: $507k-$760k ($28.0k risk)
80,2024-11-14 05:30:00,89827.3,2024-11-14 07:00:00,89114.82142857143,stop_loss,64.0019248699212,-45600.0,-0.7931648523651141,False,1.5,1.5,6,819800.9231040627,774200.9231040627,89114.82142857143,92142.85535714286,38000,Tier 6: $760k-$1200k ($38.0k risk)
81,2024-11-14 07:00:00,89694.9,2024-11-14 14:45:00,89022.63857142857,stop_loss,67.83075461714571,-45600.0,-0.7494979408767083,False,1.5,1.5,31,774200.9231040627,728600.9231040627,89022.63857142857,91879.74964285713,38000,Tier 6: $760k-$1200k ($38.0k risk)
82,2024-11-17 01:30:00,90232.0,2024-11-17 02:00:00,89798.08428571429,stop_loss,77.43439311782068,-33599.99999999999,-0.4808889465884773,False,1.5,1.5,2,728600.9231040627,695000.9231040627,89798.08428571429,91642.22607142857,28000,Tier 5: $507k-$760k ($28.0k risk)
83,2024-11-28 07:45:00,95371.6,2024-11-28 10:00:00,94882.21857142857,stop_loss,68.65810191874819,-33600.0,-0.5131311926940855,False,1.5,1.5,9,695000.9231040627,661400.9231040627,94882.21857142857,96962.08964285714,28000,Tier 5: $507k-$760k ($28.0k risk)
84,2024-11-28 10:00:00,94888.1,2024-11-29 02:00:00,96538.59392857143,take_profit,66.16201254040261,109200.00000000073,1.7394108729876778,False,1.5,1.5,64,661400.9231040627,770600.9231040634,94380.25571428573,96538.59392857143,28000,Tier 5: $507k-$760k ($28.0k risk)
85,2024-11-30 06:45:00,96699.0,2024-11-30 10:45:00,96333.93428571429,stop_loss,124.9090183372092,-45600.0,-0.37752791061511387,False,1.5,1.5,16,770600.9231040634,725000.9231040634,96333.93428571429,97885.46357142857,38000,Tier 6: $760k-$1200k ($38.0k risk)
86,2024-11-30 11:15:00,96438.0,2024-12-01 01:45:00,96124.02857142857,stop_loss,107.01610701610686,-33599.99999999999,-0.3255681666681484,False,1.5,1.5,58,725000.9231040634,691400.9231040634,96124.02857142857,97458.40714285713,28000,Tier 5: $507k-$760k ($28.0k risk)
87,2024-12-12 11:30:00,100261.0,2024-12-12 14:45:00,101654.67892857142,take_profit,78.35377127494692,109199.99999999802,1.390050895733554,False,1.5,1.5,13,691400.9231040634,800600.9231040614,99832.17571428571,101654.67892857142,28000,Tier 5: $507k-$760k ($28.0k risk)
88,2024-12-22 00:00:00,97154.4,2024-12-22 04:30:00,96527.28,stop_loss,72.71335629544639,-45600.0,-0.6454880067191968,False,1.75,1.75,18,800600.9231040614,755000.9231040614,96527.28,99192.53999999998,38000,Tier 6: $760k-$1200k ($38.0k risk)
89,2025-01-01 03:00:00,93938.2,2025-01-01 08:15:00,93447.53285714285,stop_loss,62.77167821071606,-30800.000000000004,-0.52232972619993,False,1.25,1.25,21,755000.9231040614,724200.9231040614,93447.53285714285,95348.86803571427,28000,Tier 5: $507k-$760k ($28.0k risk)
90,2025-01-03 06:15:00,96633.6,2025-01-03 07:30:00,96303.32571428572,stop_loss,101.73362400082992,-33600.0,-0.3417799665067715,False,1.75,1.75,5,724200.9231040614,690600.9231040614,96303.32571428572,97706.99142857143,28000,Tier 5: $507k-$760k ($28.0k risk)
91,2025-01-03 08:30:00,96237.1,2025-01-03 15:00:00,97332.47071428571,take_profit,99.6922763917514,109200.00000000036,1.1382000437312656,False,1.75,1.75,26,690600.9231040614,799800.9231040617,95900.06285714287,97332.47071428571,28000,Tier 5: $507k-$760k ($28.0k risk)
92,2025-01-04 09:00:00,97795.8,2025-01-04 09:45:00,97544.5457142857,stop_loss,181.48944154469825,-45600.00000000001,-0.2569172558681436,False,1.75,1.75,3,799800.9231040617,754200.9231040617,97544.5457142857,98612.37642857144,38000,Tier 6: $760k-$1200k ($38.0k risk)
93,2025-01-04 09:45:00,97644.3,2025-01-04 20:30:00,98636.33464285715,take_profit,110.07680103337242,109199.99999999919,1.0159677962330111,False,1.75,1.75,43,754200.9231040617,863400.9231040609,97339.05857142857,98636.33464285715,28000,Tier 6: $760k-$1200k ($38.0k risk)
94,2025-01-07 10:00:00,101399.8,2025-01-07 11:30:00,101125.81428571428,stop_loss,166.43203503831862,-45600.0,-0.2702034069946112,False,1.5,1.5,6,863400.9231040609,817800.9231040609,101125.81428571428,102290.25357142859,38000,Tier 6: $760k-$1200k ($38.0k risk)
95,2025-01-07 11:30:00,100614.2,2025-01-07 14:30:00,100241.7157142857,stop_loss,122.4212718465565,-45600.0,-0.3702104531112845,False,1.5,1.5,12,817800.9231040609,772200.9231040609,100241.7157142857,101824.77392857143,38000,Tier 6: $760k-$1200k ($38.0k risk)
96,2025-01-16 10:00:00,99180.4,2025-01-16 14:30:00,98677.84,stop_loss,90.73543457497654,-45600.0,-0.5067130199111899,False,1.5,1.5,18,772200.9231040609,726600.9231040609,98677.84,100813.72,38000,Tier 6: $760k-$1200k ($38.0k risk)
97,2025-01-18 06:15:00,103136.2,2025-01-18 08:00:00,102244.18428571429,stop_loss,37.66749784997416,-33600.0,-0.8648910026602745,False,1.5,1.5,7,726600.9231040609,693000.9231040609,102244.18428571429,106035.25107142856,28000,Tier 5: $507k-$760k ($28.0k risk)
98,2025-01-18 08:00:00,102562.5,2025-01-19 02:15:00,105119.61857142857,take_profit,42.70431618624311,109199.99999999984,2.4932295638547886,False,1.5,1.5,73,693000.9231040609,802200.9231040608,101775.69428571429,105119.61857142857,28000,Tier 5: $507k-$760k ($28.0k risk)
99,2025-01-22 07:45:00,105063.8,2025-01-22 13:30:00,104497.82857142857,stop_loss,80.56943813418137,-45600.0,-0.538693087982187,False,1.5,1.5,23,802200.9231040608,756600.9231040608,104497.82857142857,106903.20714285717,38000,Tier 6: $760k-$1200k ($38.0k risk)
100,2025-01-25 04:45:00,104609.4,2025-01-25 05:45:00,104213.69571428571,stop_loss,84.91189308033165,-33600.0,-0.3782683828740826,False,1.5,1.5,4,756600.9231040608,723000.9231040608,104213.69571428571,105895.43892857143,28000,Tier 5: $507k-$760k ($28.0k risk)
101,2025-01-25 05:45:00,104315.7,2025-01-26 23:00:00,103861.00714285714,stop_loss,73.89603657099755,-33600.0,-0.4358815184510654,False,1.5,1.5,165,723000.9231040608,689400.9231040608,103861.00714285714,105793.45178571428,28000,Tier 5: $507k-$760k ($28.0k risk)
102,2025-01-29 00:00:00,101478.5,2025-01-29 20:15:00,104397.31571428572,take_profit,37.412433907881116,109199.99999999945,2.8762897700357453,False,1.75,1.5,81,689400.9231040608,798600.9231040602,100580.40285714285,104397.31571428572,28000,Tier 5: $507k-$760k ($28.0k risk)
103,2025-01-31 03:15:00,104075.8,2025-01-31 15:30:00,105687.1407142857,take_profit,91.97309959718466,148199.99999999764,1.5482376443762171,False,1.5,1.5,49,798600.9231040602,946800.9231040579,103580.00285714286,105687.1407142857,38000,Tier 6: $760k-$1200k ($38.0k risk)
104,2025-02-04 08:45:00,98245.0,2025-02-04 21:15:00,97261.78857142857,stop_loss,46.37863095860768,-45600.0,-1.0007750303541496,False,1.75,1.25,50,946800.9231040579,901200.9231040579,97261.78857142857,101440.43714285715,38000,Tier 6: $760k-$1200k ($38.0k risk)
105,2025-02-05 04:30:00,98216.9,2025-02-05 06:30:00,97523.7457142857,stop_loss,60.30403455837441,-41800.00000000001,-0.7057383054385673,False,1.25,1.25,8,901200.9231040579,859400.9231040579,97523.7457142857,100209.71857142856,38000,Tier 6: $760k-$1200k ($38.0k risk)
106,2025-03-03 07:30:00,92099.9,2025-03-03 08:45:00,91312.46428571428,stop_loss,57.9094892100032,-45600.0,-0.854979988344959,False,1.75,1.75,5,859400.9231040579,813800.9231040579,91312.46428571428,94659.06607142858,38000,Tier 6: $760k-$1200k ($38.0k risk)
107,2025-03-03 08:45:00,91440.6,2025-03-03 14:45:00,90479.94,stop_loss,47.467366185747125,-45600.0,-1.0505836575875525,False,1.75,1.75,24,813800.9231040579,768200.9231040579,90479.94,94562.74500000001,38000,Tier 6: $760k-$1200k ($38.0k risk)
108,2025-03-12 09:15:00,82230.7,2025-03-12 12:30:00,84483.89499999999,take_profit,53.33537487878316,120174.99999999943,2.740089771824869,False,1.25,1.25,13,768200.9231040579,888375.9231040573,81446.98,84483.89499999999,38000,Tier 6: $760k-$1200k ($38.0k risk)
109,2025-03-15 08:00:00,83749.5,2025-03-16 11:00:00,83499.67285714285,stop_loss,182.52620383236172,-45600.0,-0.29830284701060433,False,1.75,1.75,108,888375.9231040573,842775.9231040573,83499.67285714285,84561.43821428572,38000,Tier 6: $760k-$1200k ($38.0k risk)
110,2025-03-25 03:30:00,86448.2,2025-03-25 13:30:00,87997.5725,take_profit,95.65162670694185,148200.00000000105,1.792255362170638,False,1.5,1.5,40,842775.9231040573,990975.9231040584,85971.47,87997.5725,38000,Tier 6: $760k-$1200k ($38.0k risk)
111,2025-04-02 05:30:00,84161.4,2025-04-02 09:00:00,85317.1092857143,take_profit,128.23294043917215,148200.0,1.3732058707605859,False,1.75,1.75,14,990975.9231040584,1139175.9231040585,83805.79714285713,85317.1092857143,38000,Tier 6: $760k-$1200k ($38.0k risk)
112,2025-04-05 11:45:00,83428.4,2025-04-05 12:30:00,83193.55142857142,stop_loss,194.16767035292716,-45600.0,-0.28149715376128276,False,1.75,1.75,3,1139175.9231040585,1093575.9231040585,83193.55142857142,84191.65785714285,38000,Tier 6: $760k-$1200k ($38.0k risk)
113,2025-04-10 10:30:00,81571.1,2025-04-10 13:30:00,81026.76714285715,stop_loss,83.77227169300293,-45600.0,-0.6673109191157865,False,1.5,1.75,12,1093575.9231040585,1047975.9231040585,81026.76714285715,83340.1817857143,38000,Tier 6: $760k-$1200k ($38.0k risk)
114,2025-04-11 02:45:00,80254.1,2025-04-11 09:15:00,82132.40321428572,take_profit,63.98061776500736,120174.99999999884,2.3404451788577925,False,1.25,1.75,26,1047975.9231040585,1168150.9231040573,79600.77714285714,82132.40321428572,38000,Tier 6: $760k-$1200k ($38.0k risk)
115,2025-04-12 10:30:00,83293.1,2025-04-12 13:45:00,84567.73142857144,take_profit,116.2689046245301,148200.00000000044,1.5302965414559337,False,1.5,1.5,13,1168150.9231040573,1316350.9231040578,82900.90571428572,84567.73142857144,38000,Tier 6: $760k-$1200k ($38.0k risk)
116,2025-04-13 11:15:00,84447.7,2025-04-13 13:15:00,84071.84714285714,stop_loss,172.40789518694427,-64800.0,-0.4450717510871954,False,1.5,1.5,8,1316350.9231040578,1251550.9231040578,84071.84714285714,85669.22178571428,54000,Tier 7: $1200k+ ($54.0k risk)
117,2025-04-24 06:30:00,92360.1,2025-04-24 08:15:00,91838.89714285715,stop_loss,113.96714194089594,-59400.00000000001,-0.5643160381407694,False,1.25,1.25,7,1251550.9231040578,1192150.9231040578,91838.89714285715,93858.55821428572,54000,Tier 7: $1200k+ ($54.0k risk)
118,2025-04-26 04:45:00,94481.7,2025-04-26 09:00:00,94177.47428571428,stop_loss,137.39798457911974,-41800.00000000001,-0.32199432724613597,False,1.25,1.25,17,1192150.9231040578,1150350.9231040578,94177.47428571428,95356.34892857142,38000,Tier 6: $760k-$1200k ($38.0k risk)
119,2025-04-26 09:15:00,94208.6,2025-04-26 13:30:00,93918.33714285716,stop_loss,144.00740215765356,-41800.0,-0.30810653925740367,False,1.25,1.25,17,1150350.9231040578,1108550.9231040578,93918.33714285716,95043.10571428572,38000,Tier 6: $760k-$1200k ($38.0k risk)
120,2025-05-12 02:00:00,103972.6,2025-05-12 14:15:00,103370.2042857143,stop_loss,75.69774969941493,-45600.0,-0.5793792925114027,False,1.75,1.25,49,1108550.9231040578,1062950.9231040578,103370.2042857143,105930.38607142858,38000,Tier 6: $760k-$1200k ($38.0k risk)
121,2025-05-23 06:00:00,110449.9,2025-05-23 11:45:00,110041.00428571428,stop_loss,111.51987757968422,-45599.99999999999,-0.3702092209098521,False,1.75,1.75,23,1062950.9231040578,1017350.9231040578,110041.00428571428,111778.81107142856,38000,Tier 6: $760k-$1200k ($38.0k risk)
122,2025-05-27 01:00:00,108694.5,2025-05-27 01:15:00,108194.85857142857,stop_loss,83.65999616868119,-41800.0,-0.4596749868405736,False,1.25,1.25,1,1017350.9231040578,975550.9231040578,108194.85857142857,110130.96910714285,38000,Tier 6: $760k-$1200k ($38.0k risk)
123,2025-05-27 03:00:00,108886.0,2025-05-28 13:45:00,108127.06857142858,stop_loss,55.07743970846284,-41800.00000000001,-0.6969963343050721,False,1.25,1.0,139,975550.9231040578,933750.9231040578,108127.06857142858,111067.92785714286,38000,Tier 6: $760k-$1200k ($38.0k risk)
124,2025-06-08 10:00:00,104960.6,2025-06-08 11:15:00,105612.49892857144,take_profit,227.3358545392395,148200.00000000166,0.6210891787693994,False,1.5,1.5,5,933750.9231040578,1081950.9231040594,104760.01571428572,105612.49892857144,38000,Tier 6: $760k-$1200k ($38.0k risk)
125,2025-06-17 07:15:00,106425.1,2025-06-17 09:30:00,106073.95857142858,stop_loss,129.86220448415216,-45599.99999999999,-0.32994230550070164,False,1.75,1.5,9,1081950.9231040594,1036350.9231040594,106073.95857142858,107566.30964285716,38000,Tier 6: $760k-$1200k ($38.0k risk)
126,2025-07-04 04:15:00,109163.8,2025-07-04 05:45:00,108894.63571428572,stop_loss,155.29549133561483,-41800.00000000001,-0.2465691792648176,False,1.25,1.25,6,1036350.9231040594,994550.9231040594,108894.63571428572,109937.64732142858,38000,Tier 6: $760k-$1200k ($38.0k risk)
127,2025-07-15 00:00:00,119592.0,2025-07-15 00:30:00,119172.27857142857,stop_loss,108.64348802777342,-45600.0,-0.35096112496774784,False,1.75,1.75,2,994550.9231040594,948950.9231040594,119172.27857142857,120956.09464285715,38000,Tier 6: $760k-$1200k ($38.0k risk)
128,2025-07-15 00:45:00,119458.4,2025-07-15 01:15:00,118966.01,stop_loss,92.60951684640234,-45599.99999999999,-0.4121853297884447,False,1.75,1.75,2,948950.9231040594,903350.9231040594,118966.01,121058.6675,38000,Tier 6: $760k-$1200k ($38.0k risk)
129,2025-07-17 07:00:00,118038.6,2025-07-17 12:15:00,117557.07428571429,stop_loss,94.6989924881624,-45599.99999999999,-0.4079391947089472,False,1.5,1.5,21,903350.9231040594,857750.9231040594,117557.07428571429,119603.55857142858,38000,Tier 6: $760k-$1200k ($38.0k risk)
130,2025-07-18 11:30:00,119104.0,2025-07-18 14:15:00,118489.78857142858,stop_loss,74.24153618577238,-45600.0,-0.5156933676210872,False,1.5,1.5,11,857750.9231040594,812150.9231040594,118489.78857142858,121100.18714285713,38000,Tier 6: $760k-$1200k ($38.0k risk)
131,2025-08-05 04:00:00,114351.3,2025-08-05 07:30:00,114014.77714285714,stop_loss,135.50342579149688,-45600.0,-0.2942886151209997,False,1.75,1.75,14,812150.9231040594,766550.9231040594,114014.77714285714,115444.9992857143,38000,Tier 6: $760k-$1200k ($38.0k risk)
132,2025-08-07 04:45:00,114308.5,2025-08-07 10:00:00,115302.415,take_profit,149.10731803021753,148200.0000000027,0.8695022679853148,False,1.75,1.75,21,766550.9231040594,914750.9231040621,114002.68000000001,115302.415,38000,Tier 6: $760k-$1200k ($38.0k risk)
133,2025-08-14 10:30:00,121168.2,2025-08-14 12:15:00,120640.50428571428,stop_loss,86.41343631475942,-45600.0,-0.4355067701638827,False,1.5,1.5,7,914750.9231040621,869150.9231040621,120640.50428571428,122883.21107142858,38000,Tier 6: $760k-$1200k ($38.0k risk)
134,2025-09-04 04:30:00,111088.2,2025-09-04 05:00:00,110675.39571428571,stop_loss,110.46396943553309,-45600.0,-0.3716004811620734,False,1.75,1.75,2,869150.9231040621,823550.9231040621,110675.39571428571,112429.81392857143,38000,Tier 6: $760k-$1200k ($38.0k risk)
135,2025-09-08 01:15:00,110754.2,2025-09-08 09:00:00,111965.2239285714,take_profit,99.23420765249757,120174.99999999821,1.0934338639721157,False,1.25,1.25,31,823550.9231040621,943725.9231040603,110332.97428571428,111965.2239285714,38000,Tier 6: $760k-$1200k ($38.0k risk)
136,2025-09-09 03:00:00,111410.2,2025-09-09 06:00:00,112590.91321428571,take_profit,101.78170155629151,120174.99999999834,1.0597891524166687,False,1.25,1.25,12,943725.9231040603,1063900.9231040587,110999.51714285713,112590.91321428571,38000,Tier 6: $760k-$1200k ($38.0k risk)
137,2025-09-17 11:45:00,116200.1,2025-09-17 13:30:00,115964.08142857144,stop_loss,193.20513518912745,-45599.99999999999,-0.2031139142122612,False,1.5,1.75,7,1063900.9231040587,1018300.9231040587,115964.08142857144,116967.16035714286,38000,Tier 6: $760k-$1200k ($38.0k risk)
138,2025-09-30 08:30:00,113413.4,2025-09-30 09:30:00,113078.08571428571,stop_loss,135.99182004090164,-45600.0,-0.2956566734744582,False,1.5,1.5,4,1018300.9231040587,972700.9231040587,113078.08571428571,114503.17142857141,38000,Tier 6: $760k-$1200k ($38.0k risk)
139,2025-09-30 09:30:00,112945.1,2025-09-30 19:30:00,114135.19892857144,take_profit,124.52746275294459,148199.99999999817,1.0536968213507547,False,1.5,1.75,40,972700.9231040587,1120900.9231040569,112578.91571428571,114135.19892857144,38000,Tier 6: $760k-$1200k ($38.0k risk)
140,2025-10-13 11:15:00,113618.3,2025-10-13 13:30:00,115329.19196428571,take_profit,70.24113883787703,120175.00000000051,1.5058242944012603,False,1.25,1.25,9,1120900.9231040569,1241075.9231040573,113023.20714285715,115329.19196428571,38000,Tier 6: $760k-$1200k ($38.0k risk)
141,2025-10-28 00:00:00,114034.1,2025-10-28 02:45:00,113572.45142857144,stop_loss,128.66930318052835,-59400.0,-0.4048337921977429,False,1.25,1.25,11,1241075.9231040573,1181675.9231040573,113572.45142857144,115361.33964285714,54000,Tier 7: $1200k+ ($54.0k risk)
142,2025-11-06 08:30:00,103146.2,2025-11-06 12:30:00,102547.67428571428,stop_loss,69.83826927116141,-41800.00000000001,-0.5802692821313005,False,1.25,1.25,16,1181675.9231040573,1139875.9231040573,102547.67428571428,104866.96142857142,38000,Tier 6: $760k-$1200k ($38.0k risk)
143,2025-11-24 09:15:00,85907.4,2025-11-24 14:45:00,85238.21142857142,stop_loss,62.46370871332417,-41800.00000000001,-0.778964991873313,False,1.25,1.25,22,1139875.9231040573,1098075.9231040573,85238.21142857142,87831.31714285717,38000,Tier 6: $760k-$1200k ($38.0k risk)
144,2025-11-25 07:45:00,87362.2,2025-11-25 09:00:00,86912.97142857143,stop_loss,93.04840043248812,-41800.0,-0.5142138950582381,False,1.25,1.25,5,1098075.9231040573,1056275.9231040573,86912.97142857143,88653.73214285713,38000,Tier 6: $760k-$1200k ($38.0k risk)
145,2025-11-25 09:45:00,87194.3,2025-11-25 14:30:00,86686.04428571429,stop_loss,82.24206600164759,-41800.00000000001,-0.5829001600858214,False,1.25,1.25,19,1056275.9231040573,1014475.9231040573,86686.04428571429,88655.53517857143,38000,Tier 6: $760k-$1200k ($38.0k risk)
146,2025-11-28 01:00:00,90849.9,2025-11-28 11:00:00,91957.42392857144,take_profit,108.50781360093207,120175.00000000276,1.2190700579433207,False,1.25,1.25,40,1014475.9231040573,1134650.92310406,90464.67428571428,91957.42392857144,38000,Tier 6: $760k-$1200k ($38.0k risk)
147,2025-12-04 11:45:00,92894.9,2025-12-04 13:00:00,92476.22,stop_loss,108.91372886213996,-45600.0,-0.4507028911167277,False,1.75,1.75,5,1134650.92310406,1089050.92310406,92476.22,94255.60999999999,38000,Tier 6: $760k-$1200k ($38.0k risk)
148,2025-12-09 00:00:00,90712.9,2025-12-09 01:00:00,90215.79142857142,stop_loss,84.0862588224473,-41800.0,-0.5480020718426738,False,1.25,1.25,4,1089050.92310406,1047250.9231040601,90215.79142857142,92142.08714285713,38000,Tier 6: $760k-$1200k ($38.0k risk)
149,2025-12-09 01:00:00,90443.2,2025-12-09 01:30:00,89991.22,stop_loss,92.48196822868353,-41800.00000000001,-0.4997390627487704,False,1.25,1.25,2,1047250.9231040601,1005450.9231040601,89991.22,91742.64249999999,38000,Tier 6: $760k-$1200k ($38.0k risk)
150,2025-12-10 10:30:00,92169.0,2025-12-10 11:45:00,91751.33571428571,stop_loss,100.08037897833158,-41800.0,-0.45315050148562636,False,1.25,1.25,5,1005450.9231040601,963650.9231040601,91751.33571428571,93369.78482142858,38000,Tier 6: $760k-$1200k ($38.0k risk)
151,2025-12-19 03:30:00,87018.2,2025-12-19 15:15:00,89228.59035714285,take_profit,54.36822487559964,120174.9999999996,2.540147184316445,False,1.25,1.25,47,963650.9231040601,1083825.9231040596,86249.36857142857,89228.59035714285,38000,Tier 6: $760k-$1200k ($38.0k risk)
152,2025-12-21 02:45:00,87911.5,2025-12-21 08:30:00,88547.87714285715,take_profit,188.8424204873963,120174.9999999976,0.7238838409731935,False,1.25,1.25,23,1083825.9231040596,1204000.9231040573,87690.15142857142,88547.87714285715,38000,Tier 6: $760k-$1200k ($38.0k risk)
153,2026-01-03 07:00:00,89727.3,2026-01-03 07:15:00,89470.32428571429,stop_loss,252.16390653925228,-64799.99999999999,-0.2863963523762695,False,1.75,1.75,1,1204000.9231040573,1139200.9231040573,89470.32428571429,90562.47107142856,54000,Tier 7: $1200k+ ($54.0k risk)
154,2026-01-03 07:15:00,89375.6,2026-01-03 20:45:00,90308.38249999999,take_profit,158.87948155116837,148200.00000000058,1.0436657208454954,False,1.75,1.75,54,1139200.9231040573,1287400.923104058,89088.59000000001,90308.38249999999,38000,Tier 7: $1200k+ ($54.0k risk)
155,2026-01-06 07:45:00,93207.4,2026-01-06 14:15:00,94246.48535714285,take_profit,202.67824828085293,210599.99999999924,1.1148099369179483,False,1.75,1.75,26,1287400.923104058,1498000.9231040573,92887.68142857142,94246.48535714285,54000,Tier 7: $1200k+ ($54.0k risk)
156,2026-01-15 11:30:00,96640.0,2026-01-15 14:30:00,96280.99,stop_loss,180.49636500376297,-64800.0,-0.37149213576158396,False,1.5,1.5,12,1498000.9231040573,1433200.9231040573,96280.99,97806.78249999999,54000,Tier 7: $1200k+ ($54.0k risk)
