trade_id,entry_time,entry_price,exit_time,exit_price,exit_reason,size,pnl,pnl_pct,is_partial,entry_pos,exit_pos,bars_held,capital_before,capital_after,stop_price,tp_price,base_risk,adjusted_risk,streak_level_at_entry,consecutive_losses_at_entry,reduction_pct_at_entry,tier_at_entry
0,2023-02-19 08:00:00,24605.5,2023-02-19 11:15:00,24693.442857142858,tp1_partial,17.574913066947865,1545.588069144744,0.3574113801502021,True,0.5,0.5,13,100000.0,101545.58806914474,24491.70142857143,24889.99642857143,5000,5000.0,0,0,0.0,Tier 1: $0k-$150k ($5.0k risk)
0,2023-02-19 08:00:00,24605.5,2023-02-19 15:15:00,24889.99642857143,take_profit,26.362369600421793,7500.000000000048,1.1562310400984757,False,0.5,0.5,29,101545.58806914474,109045.58806914478,24491.70142857143,24889.99642857143,5000,5000.0,0,0,0.0,Tier 1: $0k-$150k ($5.0k risk)
1,2023-03-15 10:15:00,24469.1,2023-03-15 11:45:00,24828.97142857143,tp1_partial,9.472964835001303,3409.0493879788437,1.4707178791677278,True,0.5,0.5,6,109045.58806914478,112454.63745712362,24257.972857142857,24996.917857142857,5000,5000.0,0,0,0.0,Tier 1: $0k-$150k ($5.0k risk)
1,2023-03-15 10:15:00,24469.1,2023-03-15 12:30:00,24996.917857142857,take_profit,14.209447252501953,7500.000000000051,2.157079161648193,False,0.5,0.5,9,112454.63745712362,119954.63745712367,24257.972857142857,24996.917857142857,5000,5000.0,0,0,0.0,Tier 1: $0k-$150k ($5.0k risk)
2,2023-03-19 00:15:00,26977.8,2023-03-19 03:15:00,27154.157142857144,tp1_partial,7.6466379371555195,1348.5392190598,0.6537120997899938,True,0.5,0.25,12,119954.63745712367,121303.17667618347,26716.24714285714,27631.682142857142,5000,5000.0,0,0,0.0,Tier 1: $0k-$150k ($5.0k risk)
2,2023-03-19 00:15:00,26977.8,2023-03-19 15:00:00,27631.682142857142,take_profit,11.469956905733278,7499.999999999958,2.4237785989114857,False,0.5,0.25,59,121303.17667618347,128803.17667618343,26716.24714285714,27631.682142857142,5000,5000.0,0,0,0.0,Tier 1: $0k-$150k ($5.0k risk)
3,2023-04-28 08:30:00,29199.9,2023-04-28 12:30:00,29378.385714285716,tp1_partial,12.217684225224389,2180.6820958564813,0.6112545395214178,True,0.5,0.5,16,128803.17667618343,130983.85877203991,29036.20285714286,29609.14285714286,5000,5000.0,0,0,0.0,Tier 1: $0k-$150k ($5.0k risk)
3,2023-04-28 08:30:00,29199.9,2023-04-28 13:30:00,29036.20285714286,stop_loss,18.32652633783658,-2999.9999999999995,-0.5606085735127224,False,0.5,0.5,20,130983.85877203991,127983.85877203991,29036.20285714286,29609.14285714286,5000,5000.0,0,0,0.0,Tier 1: $0k-$150k ($5.0k risk)
4,2023-05-06 08:00:00,29245.0,2023-05-06 12:30:00,29120.69714285714,stop_loss,40.22433687307452,-5000.0,-0.4250396893241872,False,0.5,0.5,18,127983.85877203991,122983.85877203991,29120.69714285714,29555.757142857146,5000,5000.0,0,1,0.0,Tier 1: $0k-$150k ($5.0k risk)
5,2023-05-30 00:30:00,27655.9,2023-05-30 02:30:00,27781.4,tp1_partial,14.550140824577122,1826.0426734844289,0.4537910536268933,True,0.75,0.75,8,122983.85877203991,124809.90144552433,27518.444285714286,27999.539285714287,5000,5000.0,0,2,0.0,Tier 1: $0k-$150k ($5.0k risk)
5,2023-05-30 00:30:00,27655.9,2023-05-30 10:30:00,27999.539285714287,take_profit,21.82521123686568,7499.99999999992,1.242553255234093,False,0.75,0.75,40,124809.90144552433,132309.90144552424,27518.444285714286,27999.539285714287,5000,5000.0,0,2,0.0,Tier 1: $0k-$150k ($5.0k risk)
6,2023-06-07 09:45:00,26476.5,2023-06-07 10:00:00,26486.801428571427,stop_loss,29.609326091737938,305.018357782131,0.038907818523698734,False,0.75,0.25,1,132309.90144552424,132614.91980330637,26486.801428571427,26898.664285714283,5000,5000.0,0,0,0.0,Tier 1: $0k-$150k ($5.0k risk)
7,2023-06-18 00:30:00,26406.8,2023-06-18 02:00:00,26495.414285714283,tp1_partial,25.223861773237203,2235.194493991249,0.3355737375005077,True,0.75,0.75,6,132614.91980330637,134850.1142972976,26327.51,26605.024999999998,5000,5000.0,0,0,0.0,Tier 1: $0k-$150k ($5.0k risk)
7,2023-06-18 00:30:00,26406.8,2023-06-18 05:15:00,26605.024999999998,take_profit,37.835792659855805,7499.999999999862,0.7506589211869615,False,0.75,0.75,19,134850.1142972976,142350.11429729746,26327.51,26605.024999999998,5000,5000.0,0,0,0.0,Tier 1: $0k-$150k ($5.0k risk)
8,2023-07-11 09:45:00,30435.5,2023-07-11 13:30:00,30317.6,stop_loss,42.40882103477471,-5000.0,-0.3873765832662564,False,0.5,0.5,15,142350.11429729746,137350.11429729746,30317.6,30730.25,5000,5000.0,0,0,0.0,Tier 1: $0k-$150k ($5.0k risk)
9,2023-08-30 09:15:00,27327.5,2023-08-30 10:30:00,27423.685714285715,tp1_partial,24.43153063539436,2349.9642252587405,0.35197407112145357,True,0.75,0.75,5,137350.11429729746,139700.0785225562,27245.63857142857,27532.153571428567,5000,5000.0,0,1,0.0,Tier 1: $0k-$150k ($5.0k risk)
9,2023-08-30 09:15:00,27327.5,2023-08-30 13:30:00,27245.63857142857,stop_loss,36.647295953091536,-3000.0,-0.2995569611981645,False,0.75,0.75,17,139700.0785225562,136700.0785225562,27245.63857142857,27532.153571428567,5000,5000.0,0,1,0.0,Tier 1: $0k-$150k ($5.0k risk)
10,2023-10-26 06:00:00,34486.9,2023-10-26 07:00:00,34658.18571428572,tp1_partial,14.226774790154895,2436.8432819137183,0.4966689214911094,True,0.5,0.5,4,136700.0785225562,139136.92180446992,34346.32,34838.35,5000,5000.0,0,2,0.0,Tier 1: $0k-$150k ($5.0k risk)
10,2023-10-26 06:00:00,34486.9,2023-10-26 10:00:00,34346.32,stop_loss,21.34016218523234,-2999.9999999999995,-0.4076330432715081,False,0.5,0.5,16,139136.92180446992,136136.92180446992,34346.32,34838.35,5000,5000.0,0,2,0.0,Tier 1: $0k-$150k ($5.0k risk)
11,2024-01-27 08:45:00,41455.4,2024-01-27 09:00:00,41466.12714285714,stop_loss,17.06526243935758,183.06150808157895,0.025876346283331672,False,0.75,0.25,1,136136.92180446992,136319.9833125515,41466.12714285714,41894.889285714286,5000,3000.0,3,3,0.4,Tier 1: $0k-$150k ($5.0k risk)
12,2024-01-31 00:45:00,42913.0,2024-01-31 07:45:00,43058.94285714286,tp1_partial,7.22048742978772,1053.778565467311,0.34009008259235657,True,1.25,1.25,28,136319.9833125515,137373.76187801882,42608.311428571425,43788.97964285714,5000,5000.0,0,0,0.0,Tier 1: $0k-$150k ($5.0k risk)
12,2024-01-31 00:45:00,42913.0,2024-01-31 09:45:00,42608.311428571425,stop_loss,10.830731144681579,-3299.9999999999995,-0.7100146142860544,False,1.25,1.25,36,137373.76187801882,134073.76187801882,42608.311428571425,43788.97964285714,5000,5000.0,0,0,0.0,Tier 1: $0k-$150k ($5.0k risk)
13,2024-02-10 10:45:00,46872.6,2024-02-10 11:15:00,47109.7,tp1_partial,11.565468814539422,2742.17265592728,0.5058392323020241,True,1.0,1.0,2,134073.76187801882,136815.9345339461,46682.37857142857,47419.486607142855,5000,5000.0,0,1,0.0,Tier 1: $0k-$150k ($5.0k risk)
13,2024-02-10 10:45:00,46872.6,2024-02-10 19:15:00,47419.486607142855,take_profit,17.348203221809133,9487.499999999969,1.1667511662311383,False,1.0,1.0,34,136815.9345339461,146303.43453394607,46682.37857142857,47419.486607142855,5000,5000.0,0,1,0.0,Tier 1: $0k-$150k ($5.0k risk)
14,2024-02-13 11:00:00,49730.4,2024-02-13 13:30:00,49475.49428571429,stop_loss,21.576605355481707,-5499.999999999999,-0.5125752342344174,False,1.25,1.25,10,146303.43453394607,140803.43453394607,49475.49428571429,50463.25392857143,5000,5000.0,0,0,0.0,Tier 1: $0k-$150k ($5.0k risk)
15,2024-03-08 08:15:00,67093.1,2024-03-08 11:00:00,67501.07142857143,tp1_partial,6.455480241619398,2633.651496288099,0.6080676382093374,True,1.75,1.75,11,140803.43453394607,143437.08603023418,66721.32285714286,68301.37571428572,5000,5000.0,0,1,0.0,Tier 1: $0k-$150k ($5.0k risk)
15,2024-03-08 08:15:00,67093.1,2024-03-08 14:30:00,68301.37571428572,take_profit,9.683220362429097,11700.0,1.8008941519853983,False,1.75,1.75,25,143437.08603023418,155137.08603023418,66721.32285714286,68301.37571428572,5000,5000.0,0,1,0.0,Tier 1: $0k-$150k ($5.0k risk)
16,2024-03-09 10:15:00,68113.8,2024-03-09 12:45:00,68437.5,tp1_partial,18.40202797859335,5956.736456670614,0.47523409353170293,True,1.75,1.75,10,155137.08603023418,161093.8224869048,67839.91714285714,69003.91928571428,10500,10500.0,0,0,0.0,Tier 1: $0k-$150k ($5.0k risk)
16,2024-03-09 10:15:00,68113.8,2024-03-10 01:00:00,69003.91928571428,take_profit,27.603041967890018,24569.999999999396,1.3068119613268885,False,1.75,1.75,59,161093.8224869048,185663.8224869042,67839.91714285714,69003.91928571428,10500,10500.0,0,0,0.0,Tier 1: $0k-$150k ($5.0k risk)
17,2024-03-11 00:00:00,68909.4,2024-03-11 00:30:00,68441.43857142856,stop_loss,26.925296040882163,-12599.999999999998,-0.6790966523746169,False,1.75,1.75,2,185663.8224869042,173063.8224869042,68441.43857142856,70430.27464285714,10500,10500.0,0,0,0.0,Tier 1: $0k-$150k ($5.0k risk)
18,2024-03-12 08:15:00,71666.6,2024-03-12 11:00:00,72230.25714285714,tp1_partial,8.973126402051086,5057.766790276024,0.7864990704974608,True,1.75,1.75,11,173063.8224869042,178121.5892771802,71104.92285714287,73492.05071428571,10500,10500.0,0,1,0.0,Tier 1: $0k-$150k ($5.0k risk)
18,2024-03-12 08:15:00,71666.6,2024-03-12 15:00:00,71726.22857142858,stop_loss,13.45968960307663,802.5820629035278,0.08320273520520971,False,1.75,1.25,27,178121.5892771802,178924.17134008373,71726.22857142858,73492.05071428571,10500,10500.0,0,1,0.0,Tier 1: $0k-$150k ($5.0k risk)
19,2024-03-22 00:30:00,65690.1,2024-03-22 04:45:00,66295.27142857143,tp1_partial,8.131921185238879,4921.206360701257,0.9212521043070814,True,1.25,1.25,17,178924.17134008373,183845.377700785,65121.96857142858,67323.47785714286,10500,10500.0,0,0,0.0,Tier 1: $0k-$150k ($5.0k risk)
19,2024-03-22 00:30:00,65690.1,2024-03-22 09:30:00,65712.74785714287,stop_loss,12.197881777858315,276.2558839504269,0.03447681940331909,False,1.25,1.25,36,183845.377700785,184121.63358473542,65712.74785714287,67323.47785714286,10500,10500.0,0,0,0.0,Tier 1: $0k-$150k ($5.0k risk)
20,2024-03-29 03:15:00,70349.3,2024-03-29 06:00:00,70081.55,stop_loss,43.13725490196079,-11550.0,-0.3806008019980298,False,1.25,1.25,11,184121.63358473542,172571.63358473542,70081.55,71119.08125,10500,10500.0,0,0,0.0,Tier 1: $0k-$150k ($5.0k risk)
21,2024-04-05 08:00:00,67319.4,2024-04-05 09:00:00,66787.4357142857,stop_loss,19.738167170191186,-10500.0,-0.7902094874795229,False,0.75,0.75,4,172571.63358473542,162071.63358473542,66787.4357142857,68649.31071428572,10500,10500.0,0,1,0.0,Tier 1: $0k-$150k ($5.0k risk)
22,2024-04-05 09:00:00,67008.0,2024-04-05 09:15:00,66533.63571428572,stop_loss,22.134887292767843,-10500.0,-0.7079218686041727,False,0.75,0.75,1,162071.63358473542,151571.63358473542,66533.63571428572,68193.91071428572,10500,10500.0,0,2,0.0,Tier 1: $0k-$150k ($5.0k risk)
23,2024-04-05 11:30:00,66802.1,2024-04-05 12:00:00,66212.83142857143,stop_loss,10.691220108221243,-6300.0,-0.8821108489532159,False,0.75,0.75,2,151571.63358473542,145271.63358473542,66212.83142857143,68275.27142857143,10500,6300.0,3,3,0.4,Tier 1: $0k-$150k ($5.0k risk)
24,2024-04-09 01:00:00,71122.6,2024-04-09 02:15:00,71647.47142857144,tp1_partial,3.0561922622768396,1604.107998690219,0.7379812163383195,True,1.25,1.25,5,145271.63358473542,146875.74158342564,70690.69,72364.34125000001,5000,3000.0,3,4,0.4,Tier 1: $0k-$150k ($5.0k risk)
24,2024-04-09 01:00:00,71122.6,2024-04-09 06:30:00,70690.69,stop_loss,4.5842883934152585,-1980.0000000000002,-0.6072753245803774,False,1.25,1.25,22,146875.74158342564,144895.74158342564,70690.69,72364.34125000001,5000,3000.0,3,4,0.4,Tier 1: $0k-$150k ($5.0k risk)
25,2024-04-09 06:30:00,70826.1,2024-04-09 07:45:00,70375.66285714287,stop_loss,7.326216437365781,-3300.0,-0.635976204897816,False,1.25,1.25,5,144895.74158342564,141595.74158342564,70375.66285714287,72121.10678571428,5000,3000.0,3,5,0.4,Tier 1: $0k-$150k ($5.0k risk)
26,2024-04-09 09:00:00,70809.2,2024-04-09 13:45:00,70122.43571428572,stop_loss,3.3635994882836027,-2310.0,-0.9698800236611602,False,1.25,1.25,19,141595.74158342564,139285.74158342564,70122.43571428572,72783.64732142855,5000,2100.0,6,6,0.5800000000000001,Tier 1: $0k-$150k ($5.0k risk)
27,2024-04-20 01:00:00,63461.0,2024-04-20 01:30:00,63503.45071428571,stop_loss,3.0499535999637852,129.47270885673836,0.06689260220562393,False,1.25,0.75,2,139285.74158342564,139415.21429228238,63503.45071428571,65638.49214285714,5000,2100.0,6,7,0.5800000000000001,Tier 1: $0k-$150k ($5.0k risk)
28,2024-04-20 09:00:00,63521.7,2024-04-20 13:00:00,63977.81428571428,tp1_partial,6.834902919968056,3117.496863267704,0.7180448346223165,True,0.75,0.75,16,139415.21429228238,142532.7111555501,63229.08428571428,64253.23928571429,5000,5000.0,0,0,0.0,Tier 1: $0k-$150k ($5.0k risk)
28,2024-04-20 09:00:00,63521.7,2024-04-20 15:30:00,64253.23928571429,take_profit,10.252354379952083,7499.999999999963,1.151636819723487,False,0.75,0.75,26,142532.7111555501,150032.71115555006,63229.08428571428,64253.23928571429,5000,5000.0,0,0,0.0,Tier 1: $0k-$150k ($5.0k risk)
29,2024-04-22 01:45:00,64634.3,2024-04-22 03:15:00,65221.28571428572,tp1_partial,10.354233901951744,6077.787382818506,0.9081644177870178,True,1.25,1.25,6,150032.71115555006,156110.49853836856,64188.10571428572,65917.10857142857,10500,10500.0,0,0,0.0,Tier 1: $0k-$150k ($5.0k risk)
29,2024-04-22 01:45:00,64634.3,2024-04-22 03:45:00,65917.10857142857,take_profit,15.531350852927616,19923.749999999975,1.9847179770316532,False,1.25,1.25,8,156110.49853836856,176034.24853836853,64188.10571428572,65917.10857142857,10500,10500.0,0,0,0.0,Tier 1: $0k-$150k ($5.0k risk)
30,2024-05-14 06:30:00,61973.4,2024-05-14 10:15:00,61507.67571428571,stop_loss,22.54552816350539,-10500.0,-0.7514906164810901,False,0.75,0.75,15,176034.24853836853,165534.24853836853,61507.67571428571,63137.71071428572,10500,10500.0,0,0,0.0,Tier 1: $0k-$150k ($5.0k risk)
31,2024-05-22 04:30:00,69372.7,2024-05-22 05:15:00,69830.11428571428,tp1_partial,14.116460801613357,6457.070834383704,0.6593577671249453,True,1.75,1.75,3,165534.24853836853,171991.31937275224,69015.67,70533.04749999999,10500,10500.0,0,1,0.0,Tier 1: $0k-$150k ($5.0k risk)
31,2024-05-22 04:30:00,69372.7,2024-05-22 15:30:00,70533.04749999999,take_profit,21.174691202420036,24569.999999999847,1.6726284258793287,False,1.75,1.75,44,171991.31937275224,196561.3193727521,69015.67,70533.04749999999,10500,10500.0,0,1,0.0,Tier 1: $0k-$150k ($5.0k risk)
32,2024-05-26 02:30:00,68905.2,2024-05-26 03:45:00,69114.2,tp1_partial,29.060716139075016,6073.689673066679,0.30331527954348875,True,1.75,1.75,5,196561.3193727521,202635.0090458188,68731.76999999999,69468.8475,10500,10500.0,0,0,0.0,Tier 1: $0k-$150k ($5.0k risk)
32,2024-05-26 02:30:00,68905.2,2024-05-26 07:30:00,69468.8475,take_profit,43.59107420861252,24569.999999999203,0.8180043015621555,False,1.75,1.75,20,202635.0090458188,227205.009045818,68731.76999999999,69468.8475,10500,10500.0,0,0,0.0,Tier 1: $0k-$150k ($5.0k risk)
33,2024-05-31 07:30:00,68212.6,2024-05-31 09:15:00,67963.60857142859,stop_loss,64.61065785397349,-16087.500000000002,-0.36502263302002635,False,1.25,1.25,7,227205.009045818,211117.509045818,67963.60857142859,68928.45035714285,14625,14625.0,0,0,0.0,Tier 1: $0k-$150k ($5.0k risk)
34,2024-06-04 08:45:00,68873.7,2024-06-04 09:00:00,68889.13285714286,stop_loss,43.46283484122712,670.7557211285161,0.022407475049058226,False,1.25,0.75,1,211117.509045818,211788.26476694652,68889.13285714286,69637.71482142856,10500,10500.0,0,1,0.0,Tier 1: $0k-$150k ($5.0k risk)
35,2024-06-04 09:45:00,68752.5,2024-06-04 11:30:00,69042.14285714286,tp1_partial,15.020538287045722,4350.59162528357,0.42128338190299275,True,0.75,0.75,7,211788.26476694652,216138.85639223008,68472.88285714286,69451.54285714286,10500,10500.0,0,0,0.0,Tier 1: $0k-$150k ($5.0k risk)
35,2024-06-04 09:45:00,68752.5,2024-06-04 13:15:00,69451.54285714286,take_profit,22.530807430568583,15750.000000000327,1.016752637566436,False,0.75,1.25,14,216138.85639223008,231888.8563922304,68472.88285714286,69451.54285714286,10500,10500.0,0,0,0.0,Tier 1: $0k-$150k ($5.0k risk)
36,2024-06-26 10:00:00,61320.0,2024-06-26 13:30:00,61686.02857142857,tp1_partial,23.459104757440898,8586.702601359286,0.5969154785201745,True,1.25,1.25,14,231888.8563922304,240475.5589935897,61045.69285714286,62108.63303571429,14625,14625.0,0,0,0.0,Tier 1: $0k-$150k ($5.0k risk)
36,2024-06-26 10:00:00,61320.0,2024-06-26 17:00:00,61045.69285714286,stop_loss,35.188657136161346,-9652.5,-0.4473371540396967,False,1.25,1.25,28,240475.5589935897,230823.0589935897,61045.69285714286,62108.63303571429,14625,14625.0,0,0,0.0,Tier 1: $0k-$150k ($5.0k risk)
37,2024-06-28 04:15:00,61517.0,2024-06-28 11:30:00,61743.142857142855,tp1_partial,16.990291262135823,3842.23300970868,0.36761034696564376,True,1.25,1.25,29,230823.0589935897,234665.29200329835,61138.25428571428,62605.89392857143,14625,14625.0,0,1,0.0,Tier 1: $0k-$150k ($5.0k risk)
37,2024-06-28 04:15:00,61517.0,2024-06-28 14:15:00,61138.25428571428,stop_loss,25.485436893203737,-9652.500000000002,-0.6156765028946739,False,1.25,1.25,40,234665.29200329835,225012.79200329835,61138.25428571428,62605.89392857143,14625,14625.0,0,1,0.0,Tier 1: $0k-$150k ($5.0k risk)
38,2024-07-02 07:15:00,62678.9,2024-07-02 08:00:00,62493.48714285715,stop_loss,86.76582761251201,-16087.500000000002,-0.2958138339103779,False,1.25,1.25,3,225012.79200329835,208925.29200329835,62493.48714285715,63211.96196428571,14625,14625.0,0,2,0.0,Tier 1: $0k-$150k ($5.0k risk)
39,2024-07-02 08:15:00,62681.1,2024-07-02 12:30:00,62908.05714285714,tp1_partial,11.377909124492184,2582.297746582969,0.3620822590176999,True,1.25,1.25,17,208925.29200329835,211507.58974988133,62437.47,63381.53624999999,10500,6300.0,3,3,0.4,Tier 1: $0k-$150k ($5.0k risk)
39,2024-07-02 08:15:00,62681.1,2024-07-02 14:00:00,62437.47,stop_loss,17.066863686738273,-4158.000000000001,-0.38868175574455044,False,1.25,1.25,23,211507.58974988133,207349.58974988133,62437.47,63381.53624999999,10500,6300.0,3,3,0.4,Tier 1: $0k-$150k ($5.0k risk)
40,2024-07-07 07:15:00,57249.3,2024-07-07 08:45:00,57585.28571428572,tp1_partial,8.868413475381319,2979.660236107048,0.586881785953216,True,1.25,1.25,6,207349.58974988133,210329.24998598837,56936.729999999996,58147.938750000016,10500,6300.0,3,4,0.4,Tier 1: $0k-$150k ($5.0k risk)
40,2024-07-07 07:15:00,57249.3,2024-07-07 13:15:00,56936.729999999996,stop_loss,13.302620213071977,-4158.000000000001,-0.5459804748704473,False,1.25,1.25,24,210329.24998598837,206171.24998598837,56936.729999999996,58147.938750000016,10500,6300.0,3,4,0.4,Tier 1: $0k-$150k ($5.0k risk)
41,2024-07-16 08:30:00,62706.5,2024-07-16 10:15:00,63319.72857142857,tp1_partial,3.822017372806261,2343.7702535011526,0.9779346183068232,True,1.25,1.25,7,206171.24998598837,208515.02023948953,61981.228571428575,64791.65535714285,10500,6300.0,3,5,0.4,Tier 1: $0k-$150k ($5.0k risk)
41,2024-07-16 08:30:00,62706.5,2024-07-16 15:45:00,64791.65535714285,take_profit,5.733026059209392,11954.250000000038,3.3252619060908395,False,1.25,1.25,29,208515.02023948953,220469.27023948956,61981.228571428575,64791.65535714285,10500,6300.0,3,5,0.4,Tier 1: $0k-$150k ($5.0k risk)
42,2024-07-21 07:15:00,66637.3,2024-07-21 09:45:00,66911.58571428571,tp1_partial,17.619561308882194,4832.793959007614,0.4116098855831645,True,1.0,1.0,10,220469.27023948956,225302.0641984972,66375.09142857144,67391.14964285714,10500,10500.0,0,0,0.0,Tier 1: $0k-$150k ($5.0k risk)
42,2024-07-21 07:15:00,66637.3,2024-07-21 15:30:00,67391.14964285714,take_profit,26.429341963323292,19923.750000000433,1.1312727899496797,False,1.0,1.0,33,225302.0641984972,245225.81419849762,66375.09142857144,67391.14964285714,10500,10500.0,0,0,0.0,Tier 1: $0k-$150k ($5.0k risk)
43,2024-10-19 11:45:00,68071.6,2024-10-19 12:30:00,68233.95714285715,tp1_partial,43.02415541992782,6985.278947821228,0.23850936786728227,True,1.25,1.25,3,245225.81419849762,252211.09314631886,67922.03285714287,68501.60553571429,14625,14625.0,0,0,0.0,Tier 1: $0k-$150k ($5.0k risk)
43,2024-10-19 11:45:00,68071.6,2024-10-20 03:00:00,68080.20714285715,stop_loss,64.53623312989173,555.472578010988,0.01264424937440127,False,1.25,1.25,61,252211.09314631886,252766.56572432985,68080.20714285715,68501.60553571429,14625,14625.0,0,0,0.0,Tier 1: $0k-$150k ($5.0k risk)
44,2024-11-14 07:00:00,89694.9,2024-11-14 07:45:00,90548.67142857143,tp1_partial,10.44236617132375,8915.393883757071,0.9518617319060859,True,1.5,1.5,3,252766.56572432985,261681.9596080869,89022.63857142857,91879.74964285713,14625,14625.0,0,0,0.0,Tier 1: $0k-$150k ($5.0k risk)
44,2024-11-14 07:00:00,89694.9,2024-11-14 14:45:00,89022.63857142857,stop_loss,15.663549256985624,-10530.0,-0.7494979408767083,False,1.5,1.5,31,261681.9596080869,251151.9596080869,89022.63857142857,91879.74964285713,14625,14625.0,0,0,0.0,Tier 1: $0k-$150k ($5.0k risk)
45,2024-11-17 01:30:00,90232.0,2024-11-17 02:00:00,89798.08428571429,stop_loss,40.44564283386169,-17549.999999999996,-0.4808889465884773,False,1.5,1.5,2,251151.9596080869,233601.9596080869,89798.08428571429,91642.22607142857,14625,14625.0,0,1,0.0,Tier 1: $0k-$150k ($5.0k risk)
46,2024-11-28 08:00:00,95261.1,2024-11-28 10:00:00,94751.54571428572,stop_loss,34.44186515946705,-17550.0,-0.5349027942300544,False,1.5,1.5,8,233601.9596080869,216051.9596080869,94751.54571428572,96917.15142857144,14625,14625.0,0,2,0.0,Tier 1: $0k-$150k ($5.0k risk)
47,2024-11-28 10:00:00,94888.1,2024-11-28 11:45:00,95561.87142857144,tp1_partial,13.823134762905546,9313.63325653829,0.7100694697980378,True,1.5,1.5,7,216051.9596080869,225365.5928646252,94380.25571428573,96538.59392857143,14625,14625.0,0,3,0.0,Tier 1: $0k-$150k ($5.0k risk)
47,2024-11-28 10:00:00,94888.1,2024-11-29 02:00:00,96538.59392857143,take_profit,20.734702144358316,34222.50000000022,1.7394108729876778,False,1.5,1.5,64,225365.5928646252,259588.09286462545,94380.25571428573,96538.59392857143,14625,14625.0,0,3,0.0,Tier 1: $0k-$150k ($5.0k risk)
48,2024-11-30 06:45:00,96699.0,2024-11-30 10:45:00,96333.93428571429,stop_loss,48.07353666267591,-17550.0,-0.37752791061511387,False,1.5,1.5,16,259588.09286462545,242038.09286462545,96333.93428571429,97885.46357142857,14625,14625.0,0,0,0.0,Tier 1: $0k-$150k ($5.0k risk)
49,2024-12-12 11:45:00,100339.8,2024-12-12 12:30:00,100815.85714285714,tp1_partial,17.34214204040122,8255.850590776132,0.4744449788191146,True,1.5,1.5,3,242038.09286462545,250293.94345540158,99935.00571428571,101655.38142857143,14625,14625.0,0,1,0.0,Tier 1: $0k-$150k ($5.0k risk)
49,2024-12-12 11:45:00,100339.8,2024-12-12 14:45:00,101655.38142857143,take_profit,26.013213060601828,34222.49999999952,1.3111262216701942,False,1.5,1.5,12,250293.94345540158,284516.4434554011,99935.00571428571,101655.38142857143,14625,14625.0,0,1,0.0,Tier 1: $0k-$150k ($5.0k risk)
50,2025-01-03 08:30:00,96237.1,2025-01-03 09:30:00,96640.68571428572,tp1_partial,20.828564888990922,8406.111238269725,0.41936603896596325,True,1.75,1.75,4,284516.4434554011,292922.5546936708,95900.06285714287,97332.47071428571,14625,14625.0,0,0,0.0,Tier 1: $0k-$150k ($5.0k risk)
50,2025-01-03 08:30:00,96237.1,2025-01-03 15:00:00,97332.47071428571,take_profit,31.242847333486377,34222.50000000011,1.1382000437312656,False,1.75,1.75,26,292922.5546936708,327145.05469367094,95900.06285714287,97332.47071428571,14625,14625.0,0,0,0.0,Tier 1: $0k-$150k ($5.0k risk)
51,2025-01-04 09:00:00,97795.8,2025-01-04 09:45:00,97544.5457142857,stop_loss,69.84955480503189,-17550.0,-0.2569172558681436,False,1.75,1.75,3,327145.05469367094,309595.05469367094,97544.5457142857,98612.37642857144,14625,14625.0,0,0,0.0,Tier 1: $0k-$150k ($5.0k risk)
52,2025-01-04 09:45:00,97644.3,2025-01-04 12:15:00,97942.95714285715,tp1_partial,22.998188787329596,6868.573354113151,0.3058623420487912,True,1.75,1.75,10,309595.05469367094,316463.6280477841,97339.05857142857,98636.33464285715,14625,14625.0,0,1,0.0,Tier 1: $0k-$150k ($5.0k risk)
52,2025-01-04 09:45:00,97644.3,2025-01-04 20:30:00,98636.33464285715,take_profit,34.497283180994394,34222.499999999745,1.0159677962330111,False,1.75,1.75,43,316463.6280477841,350686.12804778386,97339.05857142857,98636.33464285715,14625,14625.0,0,1,0.0,Tier 1: $0k-$150k ($5.0k risk)
53,2025-01-07 10:00:00,101399.8,2025-01-07 11:30:00,101125.81428571428,stop_loss,88.69075551384084,-24300.0,-0.2702034069946112,False,1.5,1.5,6,350686.12804778386,326386.12804778386,101125.81428571428,102290.25357142859,20250,20250.0,0,0,0.0,Tier 1: $0k-$150k ($5.0k risk)
54,2025-01-07 11:30:00,100614.2,2025-01-07 14:30:00,100241.7157142857,stop_loss,65.23765144454656,-24300.0,-0.3702104531112845,False,1.5,1.5,12,326386.12804778386,302086.12804778386,100241.7157142857,101824.77392857143,20250,20250.0,0,1,0.0,Tier 1: $0k-$150k ($5.0k risk)
55,2025-01-16 11:15:00,99024.5,2025-01-16 14:30:00,98435.81,stop_loss,29.811955358507756,-17550.0,-0.5944892425611867,False,1.5,1.5,13,302086.12804778386,284536.12804778386,98435.81,100937.74250000001,14625,14625.0,0,2,0.0,Tier 1: $0k-$150k ($5.0k risk)
56,2025-01-18 06:30:00,103354.9,2025-01-18 08:00:00,102403.27857142857,stop_loss,11.065324596365665,-10530.0,-0.9207317974971899,False,1.5,1.5,6,284536.12804778386,274006.12804778386,102403.27857142857,106447.66964285713,14625,8775.0,3,3,0.4,Tier 1: $0k-$150k ($5.0k risk)
57,2025-01-18 08:00:00,102562.5,2025-01-18 09:15:00,103329.7,tp1_partial,5.353291064775476,4107.04490489573,0.7480316879951221,True,1.5,1.5,5,274006.12804778386,278113.17295267957,101775.69428571429,105119.61857142857,14625,8775.0,3,4,0.4,Tier 1: $0k-$150k ($5.0k risk)
57,2025-01-18 08:00:00,102562.5,2025-01-19 02:15:00,105119.61857142857,take_profit,8.029936597163212,20533.499999999967,2.4932295638547886,False,1.5,1.5,73,278113.17295267957,298646.6729526795,101775.69428571429,105119.61857142857,14625,8775.0,3,4,0.4,Tier 1: $0k-$150k ($5.0k risk)
58,2025-01-22 08:00:00,104999.9,2025-01-22 13:30:00,104472.93714285713,stop_loss,33.304055043185166,-17550.0,-0.5018698657264075,False,1.5,1.5,22,298646.6729526795,281096.6729526795,104472.93714285713,106712.52928571429,14625,14625.0,0,0,0.0,Tier 1: $0k-$150k ($5.0k risk)
59,2025-01-25 05:45:00,104315.7,2025-01-25 12:45:00,104702.3857142857,tp1_partial,15.438993355011988,5970.038173335053,0.3706879350718102,True,1.5,1.5,28,281096.6729526795,287066.7111260146,103861.00714285714,105793.45178571428,14625,14625.0,0,1,0.0,Tier 1: $0k-$150k ($5.0k risk)
59,2025-01-25 05:45:00,104315.7,2025-01-26 23:00:00,103861.00714285714,stop_loss,23.15849003251798,-10529.999999999998,-0.4358815184510654,False,1.5,1.5,165,287066.7111260146,276536.7111260146,103861.00714285714,105793.45178571428,14625,14625.0,0,1,0.0,Tier 1: $0k-$150k ($5.0k risk)
60,2025-01-29 00:15:00,101433.3,2025-01-29 02:00:00,102096.97142857143,tp1_partial,8.402456102553042,5576.470045090075,0.6542934406860725,True,1.75,1.75,7,276536.7111260146,282113.18117110466,100597.83,104148.5775,14625,14625.0,0,2,0.0,Tier 1: $0k-$150k ($5.0k risk)
60,2025-01-29 00:15:00,101433.3,2025-01-29 20:15:00,104148.5775,take_profit,12.603684153829562,34222.499999999905,2.6769093581693553,False,1.75,1.5,80,282113.18117110466,316335.68117110454,100597.83,104148.5775,14625,14625.0,0,2,0.0,Tier 1: $0k-$150k ($5.0k risk)
61,2025-01-31 03:15:00,104075.8,2025-01-31 06:30:00,104522.52857142857,tp1_partial,14.159016648513955,6325.2372802239515,0.4292338578503053,True,1.5,1.5,13,316335.68117110454,322660.91845132847,103580.00285714286,105687.1407142857,14625,14625.0,0,0,0.0,Tier 1: $0k-$150k ($5.0k risk)
61,2025-01-31 03:15:00,104075.8,2025-01-31 15:30:00,105687.1407142857,take_profit,21.238524972770932,34222.499999999454,1.5482376443762171,False,1.5,1.5,49,322660.91845132847,356883.41845132795,103580.00285714286,105687.1407142857,14625,14625.0,0,0,0.0,Tier 1: $0k-$150k ($5.0k risk)
62,2025-03-03 08:45:00,91440.6,2025-03-03 10:30:00,92455.72857142858,tp1_partial,10.118043844856626,10271.115393881011,1.1101508207826465,True,1.75,1.75,7,356883.41845132795,367154.53384520893,90479.94,94562.74500000001,20250,20250.0,0,0,0.0,Tier 1: $0k-$150k ($5.0k risk)
62,2025-03-03 08:45:00,91440.6,2025-03-03 14:45:00,90479.94,stop_loss,15.177065767284937,-14580.0,-1.0505836575875525,False,1.75,1.75,24,367154.53384520893,352574.53384520893,90479.94,94562.74500000001,20250,20250.0,0,0,0.0,Tier 1: $0k-$150k ($5.0k risk)
63,2025-03-12 09:15:00,82230.7,2025-03-12 11:30:00,82920.64285714286,tp1_partial,11.368856224161675,7843.86114574447,0.8390331799958628,True,1.25,1.25,9,352574.53384520893,360418.3949909534,81446.98,84483.89499999999,20250,20250.0,0,1,0.0,Tier 1: $0k-$150k ($5.0k risk)
63,2025-03-12 09:15:00,82230.7,2025-03-12 12:30:00,84483.89499999999,take_profit,17.05328433624251,38424.37499999981,2.740089771824869,False,1.25,1.25,13,360418.3949909534,398842.7699909532,81446.98,84483.89499999999,20250,20250.0,0,1,0.0,Tier 1: $0k-$150k ($5.0k risk)
64,2025-03-15 08:00:00,83749.5,2025-03-15 11:30:00,84085.3142857143,tp1_partial,38.906901343213946,13065.493283927963,0.400974675328564,True,1.75,1.75,14,398842.7699909532,411908.2632748812,83499.67285714285,84561.43821428572,20250,20250.0,0,0,0.0,Tier 1: $0k-$150k ($5.0k risk)
64,2025-03-15 08:00:00,83749.5,2025-03-16 11:00:00,83499.67285714285,stop_loss,58.36035201482092,-14580.0,-0.29830284701060433,False,1.75,1.75,108,411908.2632748812,397328.2632748812,83499.67285714285,84561.43821428572,20250,20250.0,0,0,0.0,Tier 1: $0k-$150k ($5.0k risk)
65,2025-03-25 03:30:00,86448.2,2025-03-25 09:15:00,86839.9,tp1_partial,20.388899377006027,7986.331885973202,0.45310370834788594,True,1.5,1.5,23,397328.2632748812,405314.5951608544,85971.47,87997.5725,20250,20250.0,0,1,0.0,Tier 1: $0k-$150k ($5.0k risk)
65,2025-03-25 03:30:00,86448.2,2025-03-25 13:30:00,87997.5725,take_profit,30.583349065509033,47385.00000000032,1.792255362170638,False,1.5,1.5,40,405314.5951608544,452699.59516085475,85971.47,87997.5725,20250,20250.0,0,1,0.0,Tier 1: $0k-$150k ($5.0k risk)
66,2025-04-02 06:00:00,83964.0,2025-04-02 07:30:00,84394.82857142857,tp1_partial,27.995852466301287,12061.413123981702,0.5131110612031037,True,1.75,1.75,6,452699.59516085475,464761.0082848364,83616.80571428571,85092.38142857143,20250,20250.0,0,0,0.0,Tier 1: $0k-$150k ($5.0k risk)
66,2025-04-02 06:00:00,83964.0,2025-04-02 09:00:00,85092.38142857143,take_profit,41.99377869945192,47385.00000000015,1.3438871761367164,False,1.75,1.75,12,464761.0082848364,512146.0082848366,83616.80571428571,85092.38142857143,20250,20250.0,0,0,0.0,Tier 1: $0k-$150k ($5.0k risk)
67,2025-04-13 11:15:00,84447.7,2025-04-13 13:15:00,84071.84714285714,stop_loss,89.39668639323037,-33600.0,-0.4450717510871954,False,1.5,1.5,8,512146.0082848366,478546.0082848366,84071.84714285714,85669.22178571428,28000,28000.0,0,0,0.0,Tier 1: $0k-$150k ($5.0k risk)
68,2025-04-24 07:30:00,92219.1,2025-04-24 08:30:00,91727.28857142858,stop_loss,45.29174945100939,-22275.000000000004,-0.5333075562127861,False,1.25,1.25,4,478546.0082848366,456271.0082848366,91727.28857142858,93633.05785714286,20250,20250.0,0,1,0.0,Tier 1: $0k-$150k ($5.0k risk)
69,2025-04-26 08:45:00,94271.2,2025-04-26 11:30:00,93990.83714285714,stop_loss,79.45060992387442,-22275.0,-0.29740032708065267,False,1.25,1.25,11,456271.0082848366,433996.0082848366,93990.83714285714,95077.24321428571,20250,20250.0,0,2,0.0,Tier 1: $0k-$150k ($5.0k risk)
70,2025-04-26 11:30:00,94019.8,2025-04-26 17:45:00,94322.3,tp1_partial,27.690094697726366,8376.253646062225,0.3217407397165278,True,1.25,1.25,25,433996.0082848366,442372.2619308988,93698.02428571429,94944.90517857143,20250,20250.0,0,3,0.0,Tier 1: $0k-$150k ($5.0k risk)
70,2025-04-26 11:30:00,94019.8,2025-04-27 01:00:00,94944.90517857143,take_profit,41.53514204658954,38424.37499999962,0.9839471883278017,False,1.25,1.25,54,442372.2619308988,480796.6369308984,93698.02428571429,94944.90517857143,20250,20250.0,0,3,0.0,Tier 1: $0k-$150k ($5.0k risk)
71,2025-05-12 02:00:00,103972.6,2025-05-12 07:00:00,104599.8142857143,tp1_partial,16.13557296224371,10120.461870104496,0.603249592406355,True,1.75,1.75,20,480796.6369308984,490917.0988010029,103370.2042857143,105930.38607142858,20250,20250.0,0,0,0.0,Tier 1: $0k-$150k ($5.0k risk)
71,2025-05-12 02:00:00,103972.6,2025-05-12 11:45:00,104008.87214285714,stop_loss,24.20335944336556,877.9077113524286,0.03488625162508058,False,1.75,1.75,39,490917.0988010029,491795.00651235535,104008.87214285714,105930.38607142858,20250,20250.0,0,0,0.0,Tier 1: $0k-$150k ($5.0k risk)
72,2025-05-23 06:00:00,110449.9,2025-05-23 08:30:00,110873.55714285714,tp1_partial,23.77134232619585,10070.89897179532,0.3835740393220346,True,1.75,1.75,10,491795.00651235535,501865.9054841507,110041.00428571428,111778.81107142856,20250,20250.0,0,0,0.0,Tier 1: $0k-$150k ($5.0k risk)
72,2025-05-23 06:00:00,110449.9,2025-05-23 11:45:00,110041.00428571428,stop_loss,35.657013489293774,-14580.0,-0.3702092209098521,False,1.75,1.75,23,501865.9054841507,487285.9054841507,110041.00428571428,111778.81107142856,20250,20250.0,0,0,0.0,Tier 1: $0k-$150k ($5.0k risk)
73,2025-05-27 01:00:00,108694.5,2025-05-27 01:15:00,108194.85857142857,stop_loss,44.5819716425209,-22275.0,-0.4596749868405736,False,1.25,1.25,1,487285.9054841507,465010.9054841507,108194.85857142857,110130.96910714285,20250,20250.0,0,1,0.0,Tier 1: $0k-$150k ($5.0k risk)
74,2025-05-27 03:00:00,108886.0,2025-05-27 07:45:00,109462.3,tp1_partial,11.740191095751292,6765.872128481504,0.5292691438752484,True,1.25,1.25,19,465010.9054841507,471776.7776126322,108127.06857142858,111067.92785714286,20250,20250.0,0,2,0.0,Tier 1: $0k-$150k ($5.0k risk)
74,2025-05-27 03:00:00,108886.0,2025-05-28 03:45:00,108913.24571428572,stop_loss,17.610286643626935,479.8048383818294,0.02502223819932455,False,1.25,0.75,99,471776.7776126322,472256.582451014,108913.24571428572,111067.92785714286,20250,20250.0,0,2,0.0,Tier 1: $0k-$150k ($5.0k risk)
75,2025-06-08 10:00:00,104960.6,2025-06-08 10:30:00,105225.24285714286,tp1_partial,48.458432151785274,12824.177937311644,0.25213542714395215,True,1.5,1.5,2,472256.582451014,485080.76038832567,104760.01571428572,105612.49892857144,20250,20250.0,0,0,0.0,Tier 1: $0k-$150k ($5.0k risk)
75,2025-06-08 10:00:00,104960.6,2025-06-08 11:15:00,105612.49892857144,take_profit,72.6876482276779,47385.00000000053,0.6210891787693994,False,1.5,1.5,5,485080.76038832567,532465.7603883262,104760.01571428572,105612.49892857144,20250,20250.0,0,0,0.0,Tier 1: $0k-$150k ($5.0k risk)
76,2025-06-17 07:15:00,106425.1,2025-06-17 08:30:00,106443.99428571429,stop_loss,95.68794014621739,1807.955280533831,0.01775359921135417,False,1.75,1.5,5,532465.7603883262,534273.7156688601,106443.99428571429,107566.30964285716,28000,28000.0,0,0,0.0,Tier 1: $0k-$150k ($5.0k risk)
77,2025-07-04 04:45:00,108938.2,2025-07-04 07:45:00,108682.03428571428,stop_loss,120.23466952196101,-30800.000000000004,-0.23514773907198283,False,1.25,1.25,12,534273.7156688601,503473.7156688601,108682.03428571428,109674.67642857143,28000,28000.0,0,0,0.0,Tier 1: $0k-$150k ($5.0k risk)
78,2025-07-17 07:00:00,118038.6,2025-07-17 09:15:00,118745.82857142857,tp1_partial,20.185837872476725,14276.001281640401,0.5991502537547617,True,1.5,1.5,9,503473.7156688601,517749.7169505005,117557.07428571429,119603.55857142858,20250,20250.0,0,1,0.0,Tier 1: $0k-$150k ($5.0k risk)
78,2025-07-17 07:00:00,118038.6,2025-07-17 12:15:00,117557.07428571429,stop_loss,30.27875680871508,-14579.999999999996,-0.4079391947089472,False,1.5,1.5,21,517749.7169505005,503169.7169505005,117557.07428571429,119603.55857142858,20250,20250.0,0,1,0.0,Tier 1: $0k-$150k ($5.0k risk)
79,2025-08-05 04:00:00,114351.3,2025-08-05 07:30:00,114014.77714285714,stop_loss,72.20906242836347,-24299.999999999996,-0.2942886151209997,False,1.75,1.75,14,503169.7169505005,478869.7169505005,114014.77714285714,115444.9992857143,20250,20250.0,0,2,0.0,Tier 1: $0k-$150k ($5.0k risk)
80,2025-08-07 04:45:00,114308.5,2025-08-07 06:00:00,114579.58571428571,tp1_partial,19.07004120070677,5169.615740351571,0.23715271767691207,True,1.75,1.75,5,478869.7169505005,484039.33269085205,114002.68000000001,115302.415,20250,12150.0,3,3,0.4,Tier 1: $0k-$150k ($5.0k risk)
80,2025-08-07 04:45:00,114308.5,2025-08-07 10:00:00,115302.415,take_profit,28.605061801060153,28431.000000000517,0.8695022679853148,False,1.75,1.75,21,484039.33269085205,512470.3326908526,114002.68000000001,115302.415,20250,12150.0,3,3,0.4,Tier 1: $0k-$150k ($5.0k risk)
81,2025-08-14 10:30:00,121168.2,2025-08-14 12:15:00,120640.50428571428,stop_loss,63.67305833719115,-33600.0,-0.4355067701638827,False,1.5,1.5,7,512470.3326908526,478870.3326908526,120640.50428571428,122883.21107142858,28000,28000.0,0,0,0.0,Tier 1: $0k-$150k ($5.0k risk)
82,2025-09-08 01:15:00,110754.2,2025-09-08 02:30:00,111293.95714285714,tp1_partial,21.15255478908501,11417.24253708562,0.48734688423295836,True,1.25,1.25,5,478870.3326908526,490287.5752279382,110332.97428571428,111965.2239285714,20250,20250.0,0,1,0.0,Tier 1: $0k-$150k ($5.0k risk)
82,2025-09-08 01:15:00,110754.2,2025-09-08 09:00:00,111965.2239285714,take_profit,31.72883218362751,38424.374999999425,1.0934338639721157,False,1.25,1.25,31,490287.5752279382,528711.9502279377,110332.97428571428,111965.2239285714,20250,20250.0,0,1,0.0,Tier 1: $0k-$150k ($5.0k risk)
83,2025-09-09 03:00:00,111410.2,2025-09-09 04:15:00,111832.92857142857,tp1_partial,29.998817300801704,12681.357182114518,0.37943435289458965,True,1.25,1.25,5,528711.9502279377,541393.3074100522,110999.51714285713,112590.91321428571,28000,28000.0,0,0,0.0,Tier 1: $0k-$150k ($5.0k risk)
83,2025-09-09 03:00:00,111410.2,2025-09-09 06:00:00,112590.91321428571,take_profit,44.998225951202556,53129.999999999265,1.0597891524166687,False,1.25,1.25,12,541393.3074100522,594523.3074100515,110999.51714285713,112590.91321428571,28000,28000.0,0,0,0.0,Tier 1: $0k-$150k ($5.0k risk)
84,2025-09-17 11:45:00,116200.1,2025-09-17 13:30:00,115964.08142857144,stop_loss,142.3616785604097,-33600.0,-0.2031139142122612,False,1.5,1.75,7,594523.3074100515,560923.3074100515,115964.08142857144,116967.16035714286,28000,28000.0,0,0,0.0,Tier 1: $0k-$150k ($5.0k risk)
85,2025-09-30 08:30:00,113413.4,2025-09-30 09:30:00,113078.08571428571,stop_loss,100.20449897750647,-33600.0,-0.2956566734744582,False,1.5,1.5,4,560923.3074100515,527323.3074100515,113078.08571428571,114503.17142857141,28000,28000.0,0,1,0.0,Tier 1: $0k-$150k ($5.0k risk)
86,2025-09-30 09:30:00,112945.1,2025-09-30 13:30:00,113360.7,tp1_partial,36.70283112718368,15253.696616457217,0.36796638366780965,True,1.5,1.75,16,527323.3074100515,542577.0040265087,112578.91571428571,114135.19892857144,28000,28000.0,0,2,0.0,Tier 1: $0k-$150k ($5.0k risk)
86,2025-09-30 09:30:00,112945.1,2025-09-30 19:30:00,114135.19892857144,take_profit,55.05424669077551,65519.9999999992,1.0536968213507547,False,1.5,1.75,40,542577.0040265087,608097.0040265078,112578.91571428571,114135.19892857144,28000,28000.0,0,2,0.0,Tier 1: $0k-$150k ($5.0k risk)
87,2025-10-13 11:15:00,113618.3,2025-10-13 12:00:00,114389.3,tp1_partial,20.702651446953233,15961.744265600943,0.6785878683275492,True,1.25,1.75,3,608097.0040265078,624058.7482921088,113023.20714285715,115329.19196428571,28000,28000.0,0,0,0.0,Tier 1: $0k-$150k ($5.0k risk)
87,2025-10-13 11:15:00,113618.3,2025-10-13 13:30:00,115329.19196428571,take_profit,31.053977170429846,53130.000000000226,1.5058242944012603,False,1.25,1.25,9,624058.7482921088,677188.748292109,113023.20714285715,115329.19196428571,28000,28000.0,0,0,0.0,Tier 1: $0k-$150k ($5.0k risk)
88,2025-10-28 00:00:00,114034.1,2025-10-28 02:45:00,113572.45142857144,stop_loss,66.71741646397767,-30800.000000000004,-0.4048337921977429,False,1.25,1.25,11,677188.748292109,646388.748292109,113572.45142857144,115361.33964285714,28000,28000.0,0,0,0.0,Tier 1: $0k-$150k ($5.0k risk)
89,2025-11-06 09:00:00,103073.4,2025-11-06 12:30:00,102493.59428571428,stop_loss,53.12124258372263,-30800.0,-0.5625173073612728,False,1.25,1.25,14,646388.748292109,615588.748292109,102493.59428571428,104740.34142857142,28000,28000.0,0,1,0.0,Tier 1: $0k-$150k ($5.0k risk)
90,2025-11-24 09:15:00,85907.4,2025-11-24 13:30:00,86541.9,tp1_partial,18.410356252348176,11681.371042114917,0.7385859658190098,True,1.25,1.25,17,615588.748292109,627270.1193342239,85238.21142857142,87831.31714285717,28000,28000.0,0,2,0.0,Tier 1: $0k-$150k ($5.0k risk)
90,2025-11-24 09:15:00,85907.4,2025-11-24 14:45:00,85238.21142857142,stop_loss,27.615534378522266,-18480.000000000004,-0.778964991873313,False,1.25,1.25,22,627270.1193342239,608790.1193342239,85238.21142857142,87831.31714285717,28000,28000.0,0,2,0.0,Tier 1: $0k-$150k ($5.0k risk)
91,2025-11-25 07:45:00,87362.2,2025-11-25 09:00:00,86912.97142857143,stop_loss,41.137187559626334,-18480.0,-0.5142138950582381,False,1.25,1.25,5,608790.1193342239,590310.1193342239,86912.97142857143,88653.73214285713,28000,16800.0,3,3,0.4,Tier 1: $0k-$150k ($5.0k risk)
92,2025-11-25 09:45:00,87194.3,2025-11-25 14:30:00,86686.04428571429,stop_loss,36.35965023230735,-18480.000000000004,-0.5829001600858214,False,1.25,1.25,19,590310.1193342239,571830.1193342239,86686.04428571429,88655.53517857143,28000,16800.0,3,4,0.4,Tier 1: $0k-$150k ($5.0k risk)
93,2025-11-28 01:00:00,90849.9,2025-11-28 04:00:00,91311.59999999999,tp1_partial,19.188750194691146,8859.445964888846,0.5082008895992148,True,1.25,1.25,12,571830.1193342239,580689.5652991128,90464.67428571428,91957.42392857144,28000,16800.0,3,5,0.4,Tier 1: $0k-$150k ($5.0k risk)
93,2025-11-28 01:00:00,90849.9,2025-11-28 11:00:00,91957.42392857144,take_profit,28.783125292036715,31878.00000000073,1.2190700579433207,False,1.25,1.25,40,580689.5652991128,612567.5652991135,90464.67428571428,91957.42392857144,28000,16800.0,3,5,0.4,Tier 1: $0k-$150k ($5.0k risk)
94,2025-12-09 00:15:00,90650.1,2025-12-09 01:15:00,90176.54571428572,stop_loss,65.0400617820252,-30800.000000000004,-0.5223979738734831,False,1.25,1.25,4,612567.5652991135,581767.5652991135,90176.54571428572,92011.56857142856,28000,28000.0,0,0,0.0,Tier 1: $0k-$150k ($5.0k risk)
95,2025-12-10 10:30:00,92169.0,2025-12-10 11:45:00,91751.33571428571,stop_loss,73.74343714192854,-30800.000000000004,-0.45315050148562636,False,1.25,1.25,5,581767.5652991135,550967.5652991135,91751.33571428571,93369.78482142858,28000,28000.0,0,1,0.0,Tier 1: $0k-$150k ($5.0k risk)
96,2025-12-19 03:30:00,87018.2,2025-12-19 07:00:00,87739.14285714286,tp1_partial,16.024318910703055,11552.61825925059,0.8284966330524626,True,1.25,1.25,14,550967.5652991135,562520.183558364,86249.36857142857,89228.59035714285,28000,28000.0,0,2,0.0,Tier 1: $0k-$150k ($5.0k risk)
96,2025-12-19 03:30:00,87018.2,2025-12-19 15:15:00,89228.59035714285,take_profit,24.036478366054578,53129.99999999983,2.540147184316445,False,1.25,1.25,47,562520.183558364,615650.1835583639,86249.36857142857,89228.59035714285,28000,28000.0,0,2,0.0,Tier 1: $0k-$150k ($5.0k risk)
97,2025-12-21 02:45:00,87911.5,2025-12-21 05:15:00,88120.92857142857,tp1_partial,55.658818669969435,11656.546881453252,0.23822659314033454,True,1.25,1.25,10,615650.1835583639,627306.7304398172,87690.15142857142,88547.87714285715,28000,28000.0,0,0,0.0,Tier 1: $0k-$150k ($5.0k risk)
97,2025-12-21 02:45:00,87911.5,2025-12-21 08:30:00,88547.87714285715,take_profit,83.48822800495415,53129.99999999894,0.7238838409731935,False,1.25,1.25,23,627306.7304398172,680436.7304398161,87690.15142857142,88547.87714285715,28000,28000.0,0,0,0.0,Tier 1: $0k-$150k ($5.0k risk)
98,2026-01-03 07:15:00,89375.6,2026-01-03 08:15:00,89748.6142857143,tp1_partial,46.82763666771278,17467.377443295307,0.417355839529237,True,1.75,1.75,4,680436.7304398161,697904.1078831115,89088.59000000001,90308.38249999999,28000,28000.0,0,0,0.0,Tier 1: $0k-$150k ($5.0k risk)
98,2026-01-03 07:15:00,89375.6,2026-01-03 20:45:00,90308.38249999999,take_profit,70.24145500156916,65520.00000000025,1.0436657208454954,False,1.75,1.75,54,697904.1078831115,763424.1078831117,89387.60785714287,90308.38249999999,28000,28000.0,0,0,0.0,Tier 1: $0k-$150k ($5.0k risk)
99,2026-01-06 07:45:00,93207.4,2026-01-06 10:00:00,93607.14285714286,tp1_partial,57.05017359016602,22805.39939142915,0.42887459272853967,True,1.75,1.75,9,763424.1078831117,786229.5072745408,92887.68142857142,94246.48535714285,38000,38000.0,0,0,0.0,Tier 1: $0k-$150k ($5.0k risk)
99,2026-01-06 07:45:00,93207.4,2026-01-06 14:15:00,94246.48535714285,take_profit,85.57526038524902,88919.9999999997,1.1148099369179483,False,1.75,1.75,26,786229.5072745408,875149.5072745405,92887.68142857142,94246.48535714285,38000,38000.0,0,0,0.0,Tier 1: $0k-$150k ($5.0k risk)
