trade_id,entry_time,entry_price,exit_time,exit_price,exit_reason,size,pnl,pnl_pct,is_partial,entry_pos,exit_pos,bars_held,capital_before,capital_after,stop_price,tp_price,base_risk,adjusted_risk,streak_level_at_entry,consecutive_losses_at_entry,reduction_pct_at_entry,tier_at_entry,entry_adx,entry_regime
0,2023-02-19 08:00:00,24605.5,2023-02-19 11:15:00,24693.442857142858,tp1_partial,17.574913066947865,1545.588069144744,0.3574113801502021,True,0.5,0.5,13,100000.0,101545.58806914474,24491.70142857143,24889.99642857143,5000,5000.0,0,0,0.0,Tier 1: $0k-$150k ($5.0k risk),22.034855431110646,trending
0,2023-02-19 08:00:00,24605.5,2023-02-19 15:15:00,24889.99642857143,take_profit,26.362369600421793,7500.000000000048,1.1562310400984757,False,0.5,0.5,29,101545.58806914474,109045.58806914478,24491.70142857143,24889.99642857143,5000,5000.0,0,0,0.0,Tier 1: $0k-$150k ($5.0k risk),22.034855431110646,trending
1,2023-03-19 00:15:00,26977.8,2023-03-19 03:15:00,27154.157142857144,tp1_partial,6.117310349724416,1078.8313752478402,0.6537120997899938,True,0.5,0.25,12,109045.58806914478,110124.41944439262,26716.24714285714,27631.682142857142,5000,5000.0,0,0,0.0,Tier 1: $0k-$150k ($5.0k risk),37.326334209006305,trending
1,2023-03-19 00:15:00,26977.8,2023-03-19 15:00:00,27631.682142857142,take_profit,9.175965524586623,5999.999999999967,2.4237785989114857,False,0.5,0.25,59,110124.41944439262,116124.4194443926,26716.24714285714,27631.682142857142,5000,5000.0,0,0,0.0,Tier 1: $0k-$150k ($5.0k risk),37.326334209006305,trending
2,2023-04-28 10:30:00,29293.7,2023-04-28 13:30:00,29113.61,stop_loss,22.211116663890262,-4000.0000000000005,-0.6147738250886714,False,0.5,0.5,12,116124.4194443926,112124.4194443926,29113.61,29743.925,5000,5000.0,0,0,0.0,Tier 1: $0k-$150k ($5.0k risk),23.051303400535577,trending
3,2023-05-06 08:00:00,29245.0,2023-05-06 12:30:00,29120.69714285714,stop_loss,50.28042109134315,-6250.0,-0.4250396893241872,False,0.5,0.5,18,112124.4194443926,105874.4194443926,29120.69714285714,29555.757142857146,5000,5000.0,0,1,0.0,Tier 1: $0k-$150k ($5.0k risk),23.589919892479053,trending
4,2023-05-30 00:30:00,27655.9,2023-05-30 02:30:00,27781.4,tp1_partial,18.187676030721402,2282.553341855536,0.4537910536268933,True,0.75,0.75,8,105874.4194443926,108156.97278624814,27518.444285714286,27999.539285714287,5000,5000.0,0,2,0.0,Tier 1: $0k-$150k ($5.0k risk),26.377101326281373,trending
4,2023-05-30 00:30:00,27655.9,2023-05-30 10:30:00,27999.539285714287,take_profit,27.281514046082105,9374.999999999902,1.242553255234093,False,0.75,0.75,40,108156.97278624814,117531.97278624804,27518.444285714286,27999.539285714287,5000,5000.0,0,2,0.0,Tier 1: $0k-$150k ($5.0k risk),26.377101326281373,trending
5,2023-06-07 09:45:00,26476.5,2023-06-07 10:00:00,26486.801428571427,stop_loss,37.01165761467242,381.27294722766374,0.038907818523698734,False,0.75,0.25,1,117531.97278624804,117913.2457334757,26486.801428571427,26898.664285714283,5000,5000.0,0,0,0.0,Tier 1: $0k-$150k ($5.0k risk),26.60888124257455,trending
6,2023-06-18 00:30:00,26406.8,2023-06-18 02:00:00,26495.414285714283,tp1_partial,25.223861773237203,2235.194493991249,0.3355737375005077,True,0.75,0.75,6,117913.2457334757,120148.44022746696,26327.51,26605.024999999998,5000,5000.0,0,0,0.0,Tier 1: $0k-$150k ($5.0k risk),20.295996996837452,trending
6,2023-06-18 00:30:00,26406.8,2023-06-18 05:15:00,26605.024999999998,take_profit,37.835792659855805,7499.999999999862,0.7506589211869615,False,0.75,0.75,19,120148.44022746696,127648.44022746681,26327.51,26605.024999999998,5000,5000.0,0,0,0.0,Tier 1: $0k-$150k ($5.0k risk),20.295996996837452,trending
7,2023-08-30 09:15:00,27327.5,2023-08-30 10:30:00,27423.685714285715,tp1_partial,19.54522450831549,1879.9713802069923,0.35197407112145357,True,0.75,0.75,5,127648.44022746681,129528.4116076738,27245.63857142857,27532.153571428567,5000,5000.0,0,0,0.0,Tier 1: $0k-$150k ($5.0k risk),30.74511839460549,trending
7,2023-08-30 09:15:00,27327.5,2023-08-30 13:30:00,27245.63857142857,stop_loss,29.31783676247323,-2400.0,-0.2995569611981645,False,0.75,0.75,17,129528.4116076738,127128.4116076738,27245.63857142857,27532.153571428567,5000,5000.0,0,0,0.0,Tier 1: $0k-$150k ($5.0k risk),30.74511839460549,trending
8,2023-10-26 10:00:00,34426.0,2023-10-26 10:45:00,34216.479999999996,stop_loss,29.83008781977796,-6250.0,-0.608609771684204,False,0.5,0.5,3,127128.4116076738,120878.4116076738,34216.479999999996,34949.8,5000,5000.0,0,1,0.0,Tier 1: $0k-$150k ($5.0k risk),22.516459737646432,trending
9,2024-01-27 08:45:00,41455.4,2024-01-27 09:00:00,41466.12714285714,stop_loss,35.552630081994955,381.37814183662283,0.025876346283331672,False,0.75,0.25,1,120878.4116076738,121259.78974951043,41466.12714285714,41894.889285714286,5000,5000.0,0,2,0.0,Tier 1: $0k-$150k ($5.0k risk),28.099503581775608,trending
10,2024-01-31 00:45:00,42913.0,2024-01-31 07:45:00,43058.94285714286,tp1_partial,7.22048742978772,1053.778565467311,0.34009008259235657,True,1.25,1.25,28,121259.78974951043,122313.56831497773,42608.311428571425,43788.97964285714,5000,5000.0,0,0,0.0,Tier 1: $0k-$150k ($5.0k risk),30.01363725256958,trending
10,2024-01-31 00:45:00,42913.0,2024-01-31 09:45:00,42608.311428571425,stop_loss,10.830731144681579,-3299.9999999999995,-0.7100146142860544,False,1.25,1.25,36,122313.56831497773,119013.56831497773,42608.311428571425,43788.97964285714,5000,5000.0,0,0,0.0,Tier 1: $0k-$150k ($5.0k risk),30.01363725256958,trending
11,2024-02-10 10:45:00,46872.6,2024-02-10 11:15:00,47109.7,tp1_partial,14.456836018174279,3427.7158199091004,0.5058392323020241,True,1.0,1.0,2,119013.56831497773,122441.28413488684,46682.37857142857,47419.486607142855,5000,5000.0,0,1,0.0,Tier 1: $0k-$150k ($5.0k risk),23.62991951163409,trending
11,2024-02-10 10:45:00,46872.6,2024-02-10 19:15:00,47419.486607142855,take_profit,21.685254027261415,11859.37499999996,1.1667511662311383,False,1.0,1.0,34,122441.28413488684,134300.6591348868,46682.37857142857,47419.486607142855,5000,5000.0,0,1,0.0,Tier 1: $0k-$150k ($5.0k risk),23.62991951163409,trending
12,2024-02-13 11:00:00,49730.4,2024-02-13 13:30:00,49475.49428571429,stop_loss,26.970756694352133,-6874.999999999999,-0.5125752342344174,False,1.25,1.25,10,134300.6591348868,127425.65913488681,49475.49428571429,50463.25392857143,5000,5000.0,0,0,0.0,Tier 1: $0k-$150k ($5.0k risk),21.101349208226463,trending
13,2024-03-11 00:00:00,68909.4,2024-03-11 00:30:00,68441.43857142856,stop_loss,12.821569543277223,-6000.000000000001,-0.6790966523746169,False,1.75,1.75,2,127425.65913488681,121425.65913488681,68441.43857142856,70430.27464285714,5000,5000.0,0,1,0.0,Tier 1: $0k-$150k ($5.0k risk),37.38636948228953,trending
14,2024-03-22 00:30:00,65690.1,2024-03-22 04:45:00,66295.27142857143,tp1_partial,3.8723434215423227,2343.4316003339313,0.9212521043070814,True,1.25,1.25,17,121425.65913488681,123769.09073522074,65121.96857142858,67323.47785714286,5000,5000.0,0,2,0.0,Tier 1: $0k-$150k ($5.0k risk),24.005834282077473,trending
14,2024-03-22 00:30:00,65690.1,2024-03-22 09:30:00,65712.74785714287,stop_loss,5.808515132313484,131.5504209287747,0.03447681940331909,False,1.25,1.25,36,123769.09073522074,123900.64115614952,65712.74785714287,67323.47785714286,5000,5000.0,0,2,0.0,Tier 1: $0k-$150k ($5.0k risk),24.005834282077473,trending
15,2024-03-29 05:15:00,70411.4,2024-03-29 06:00:00,70121.69,stop_loss,18.98450174312297,-5500.000000000001,-0.41145325898929985,False,1.25,1.25,3,123900.64115614952,118400.64115614952,70121.69,71244.31624999999,5000,5000.0,0,0,0.0,Tier 1: $0k-$150k ($5.0k risk),27.21081982480178,trending
16,2024-04-05 08:00:00,67319.4,2024-04-05 09:00:00,66787.4357142857,stop_loss,9.399127223900564,-5000.0,-0.7902094874795229,False,0.75,0.75,4,118400.64115614952,113400.64115614952,66787.4357142857,68649.31071428572,5000,5000.0,0,1,0.0,Tier 1: $0k-$150k ($5.0k risk),24.483677309340063,trending
17,2024-04-05 09:00:00,67008.0,2024-04-05 09:15:00,66533.63571428572,stop_loss,10.54042252036564,-5000.0,-0.7079218686041727,False,0.75,0.75,1,113400.64115614952,108400.64115614952,66533.63571428572,68193.91071428572,5000,5000.0,0,2,0.0,Tier 1: $0k-$150k ($5.0k risk),20.32297038116791,trending
18,2024-04-09 02:15:00,71548.4,2024-04-09 04:15:00,71076.0157142857,stop_loss,6.985837801547736,-3300.0,-0.6602303974851823,False,1.25,1.25,8,108400.64115614952,105100.64115614952,71076.0157142857,72906.50482142858,5000,3000.0,3,3,0.4,Tier 1: $0k-$150k ($5.0k risk),21.993632680992423,trending
19,2024-04-09 06:30:00,70826.1,2024-04-09 07:45:00,70375.66285714287,stop_loss,9.157770546707226,-4125.0,-0.635976204897816,False,1.25,1.25,5,105100.64115614952,100975.64115614952,70375.66285714287,72121.10678571428,5000,3000.0,3,4,0.4,Tier 1: $0k-$150k ($5.0k risk),31.636486526418633,trending
20,2024-04-20 01:00:00,63461.0,2024-04-20 01:30:00,63503.45071428571,stop_loss,4.357076571376836,184.96101265248336,0.06689260220562393,False,1.25,0.75,2,100975.64115614952,101160.602168802,63503.45071428571,65638.49214285714,5000,3000.0,3,5,0.4,Tier 1: $0k-$150k ($5.0k risk),21.413346582800912,trending
21,2024-04-20 09:45:00,63583.4,2024-04-20 13:30:00,63990.200000000004,tp1_partial,7.549188354406292,3071.0098225725014,0.6397896306268662,True,0.75,0.75,15,101160.602168802,104231.61199137449,63252.23857142857,64411.30357142858,5000,5000.0,0,0,0.0,Tier 1: $0k-$150k ($5.0k risk),21.087277726935003,trending
21,2024-04-20 09:45:00,63583.4,2024-04-20 15:30:00,64411.30357142858,take_profit,11.323782531609437,9375.0,1.3020750249728361,False,0.75,0.75,23,104231.61199137449,113606.61199137449,63252.23857142857,64411.30357142858,5000,5000.0,0,0,0.0,Tier 1: $0k-$150k ($5.0k risk),21.087277726935003,trending
22,2024-05-14 06:30:00,61973.4,2024-05-14 10:15:00,61507.67571428571,stop_loss,13.41995724018178,-6250.0,-0.7514906164810901,False,0.75,0.75,15,113606.61199137449,107356.61199137449,61507.67571428571,63137.71071428572,5000,5000.0,0,0,0.0,Tier 1: $0k-$150k ($5.0k risk),21.174380367184092,trending
23,2024-06-04 09:45:00,68752.5,2024-06-04 11:30:00,69042.14285714286,tp1_partial,7.152637279545582,2071.7102977540803,0.42128338190299275,True,0.75,0.75,7,107356.61199137449,109428.32228912857,68472.88285714286,69451.54285714286,5000,5000.0,0,1,0.0,Tier 1: $0k-$150k ($5.0k risk),21.82858634331713,trending
23,2024-06-04 09:45:00,68752.5,2024-06-04 13:15:00,69451.54285714286,take_profit,10.728955919318372,7500.0000000001555,1.016752637566436,False,0.75,1.25,14,109428.32228912857,116928.32228912873,68472.88285714286,69451.54285714286,5000,5000.0,0,1,0.0,Tier 1: $0k-$150k ($5.0k risk),21.82858634331713,trending
24,2024-06-26 10:00:00,61320.0,2024-06-26 13:30:00,61686.02857142857,tp1_partial,8.020206754680649,2935.6248209775335,0.5969154785201745,True,1.25,1.25,14,116928.32228912873,119863.94711010627,61045.69285714286,62108.63303571429,5000,5000.0,0,0,0.0,Tier 1: $0k-$150k ($5.0k risk),24.57304708167151,trending
24,2024-06-26 10:00:00,61320.0,2024-06-26 17:00:00,61045.69285714286,stop_loss,12.030310132020974,-3300.0000000000005,-0.4473371540396967,False,1.25,1.25,28,119863.94711010627,116563.94711010627,61045.69285714286,62108.63303571429,5000,5000.0,0,0,0.0,Tier 1: $0k-$150k ($5.0k risk),24.57304708167151,trending
25,2024-06-28 08:15:00,61373.7,2024-06-28 11:15:00,61611.28571428571,tp1_partial,7.372698275913601,1751.6477860959778,0.3871132330065045,True,1.25,1.25,12,116563.94711010627,118315.59489620224,61134.981428571424,62060.01589285713,5000,5000.0,0,1,0.0,Tier 1: $0k-$150k ($5.0k risk),23.80539203798938,trending
25,2024-06-28 08:15:00,61373.7,2024-06-28 14:15:00,61134.981428571424,stop_loss,11.0590474138704,-2640.0000000000005,-0.3889590678557319,False,1.25,1.25,24,118315.59489620224,115675.59489620224,61134.981428571424,62060.01589285713,5000,5000.0,0,1,0.0,Tier 1: $0k-$150k ($5.0k risk),23.80539203798938,trending
26,2024-07-02 08:15:00,62681.1,2024-07-02 12:30:00,62908.05714285714,tp1_partial,11.287608258424783,2561.803320022786,0.3620822590176999,True,1.25,1.25,17,115675.59489620224,118237.39821622502,62437.47,63381.53624999999,5000,5000.0,0,2,0.0,Tier 1: $0k-$150k ($5.0k risk),26.27764977485399,trending
26,2024-07-02 08:15:00,62681.1,2024-07-02 14:00:00,62437.47,stop_loss,16.931412387637174,-4125.0,-0.38868175574455044,False,1.25,1.25,23,118237.39821622502,114112.39821622502,62437.47,63381.53624999999,5000,5000.0,0,2,0.0,Tier 1: $0k-$150k ($5.0k risk),26.27764977485399,trending
27,2024-07-07 07:15:00,57249.3,2024-07-07 08:45:00,57585.28571428572,tp1_partial,5.278817544869831,1773.607283397052,0.586881785953216,True,1.25,1.25,6,114112.39821622502,115886.00549962207,56936.729999999996,58147.938750000016,5000,3000.0,3,3,0.4,Tier 1: $0k-$150k ($5.0k risk),29.116174009573623,trending
27,2024-07-07 07:15:00,57249.3,2024-07-07 13:15:00,56936.729999999996,stop_loss,7.918226317304747,-2475.0,-0.5459804748704473,False,1.25,1.25,24,115886.00549962207,113411.00549962207,56936.729999999996,58147.938750000016,5000,3000.0,3,3,0.4,Tier 1: $0k-$150k ($5.0k risk),29.116174009573623,trending
28,2024-07-16 08:30:00,62706.5,2024-07-16 10:15:00,63319.72857142857,tp1_partial,2.2750103409561078,1395.1013413697335,0.9779346183068232,True,1.25,1.25,7,113411.00549962207,114806.10684099181,61981.228571428575,64791.65535714285,5000,3000.0,3,4,0.4,Tier 1: $0k-$150k ($5.0k risk),42.958653023703356,trending
28,2024-07-16 08:30:00,62706.5,2024-07-16 15:45:00,64791.65535714285,take_profit,3.4125155114341617,7115.625000000022,3.3252619060908395,False,1.25,1.25,29,114806.10684099181,121921.73184099182,61981.228571428575,64791.65535714285,5000,3000.0,3,4,0.4,Tier 1: $0k-$150k ($5.0k risk),42.958653023703356,trending
29,2024-07-21 07:15:00,66637.3,2024-07-21 09:45:00,66911.58571428571,tp1_partial,8.390267289943903,2301.3304566702927,0.4116098855831645,True,1.0,1.0,10,121921.73184099182,124223.06229766211,66375.09142857144,67391.14964285714,5000,5000.0,0,0,0.0,Tier 1: $0k-$150k ($5.0k risk),30.23790982040182,trending
29,2024-07-21 07:15:00,66637.3,2024-07-21 15:30:00,67391.14964285714,take_profit,12.585400934915853,9487.500000000206,1.1312727899496797,False,1.0,1.0,33,124223.06229766211,133710.5622976623,66375.09142857144,67391.14964285714,5000,5000.0,0,0,0.0,Tier 1: $0k-$150k ($5.0k risk),30.23790982040182,trending
30,2024-10-19 11:45:00,68071.6,2024-10-19 12:30:00,68233.95714285715,tp1_partial,11.767290371262312,1910.5036438485413,0.23850936786728227,True,1.25,1.25,3,133710.5622976623,135621.06594151087,67922.03285714287,68501.60553571429,5000,5000.0,0,0,0.0,Tier 1: $0k-$150k ($5.0k risk),20.94991579632644,trending
30,2024-10-19 11:45:00,68071.6,2024-10-20 03:00:00,68080.20714285715,stop_loss,17.650935556893465,151.92412390044117,0.01264424937440127,False,1.25,1.25,61,135621.06594151087,135772.99006541132,68080.20714285715,68501.60553571429,5000,5000.0,0,0,0.0,Tier 1: $0k-$150k ($5.0k risk),20.94991579632644,trending
31,2024-11-17 01:30:00,90232.0,2024-11-17 02:00:00,89798.08428571429,stop_loss,17.284462749513548,-7500.000000000001,-0.4808889465884773,False,1.5,1.5,2,135772.99006541132,128272.99006541132,89798.08428571429,91642.22607142857,5000,5000.0,0,0,0.0,Tier 1: $0k-$150k ($5.0k risk),25.449911226062266,trending
32,2024-11-28 10:00:00,94888.1,2024-11-28 11:45:00,95561.87142857144,tp1_partial,5.907322548250232,3980.18515236679,0.7100694697980378,True,1.5,1.5,7,128272.99006541132,132253.1752177781,94380.25571428573,96538.59392857143,5000,5000.0,0,1,0.0,Tier 1: $0k-$150k ($5.0k risk),20.32643938950614,trending
32,2024-11-28 10:00:00,94888.1,2024-11-29 02:00:00,96538.59392857143,take_profit,8.860983822375347,14625.000000000093,1.7394108729876778,False,1.5,1.5,64,132253.1752177781,146878.1752177782,94380.25571428573,96538.59392857143,5000,5000.0,0,1,0.0,Tier 1: $0k-$150k ($5.0k risk),20.32643938950614,trending
33,2025-01-03 08:30:00,96237.1,2025-01-03 09:30:00,96640.68571428572,tp1_partial,8.901096106406376,3592.3552300297965,0.41936603896596325,True,1.75,1.75,4,146878.1752177782,150470.53044780798,95900.06285714287,97332.47071428571,5000,5000.0,0,0,0.0,Tier 1: $0k-$150k ($5.0k risk),23.709878328974,trending
33,2025-01-03 08:30:00,96237.1,2025-01-03 15:00:00,97332.47071428571,take_profit,13.351644159609565,14625.000000000051,1.1382000437312656,False,1.75,1.75,26,150470.53044780798,165095.53044780804,95900.06285714287,97332.47071428571,5000,5000.0,0,0,0.0,Tier 1: $0k-$150k ($5.0k risk),23.709878328974,trending
34,2025-01-07 11:45:00,100787.0,2025-01-07 14:30:00,100386.87285714285,stop_loss,39.362488351916106,-15750.0,-0.39700273136133535,False,1.5,1.5,11,165095.53044780804,149345.53044780804,100386.87285714285,102087.41321428573,10500,10500.0,0,0,0.0,Tier 1: $0k-$150k ($5.0k risk),22.8401615858766,trending
35,2025-01-16 11:15:00,99024.5,2025-01-16 14:30:00,98435.81,stop_loss,12.740151862610151,-7500.0,-0.5944892425611867,False,1.5,1.5,13,149345.53044780804,141845.53044780804,98435.81,100937.74250000001,5000,5000.0,0,1,0.0,Tier 1: $0k-$150k ($5.0k risk),22.647468339204433,trending
36,2025-01-18 06:30:00,103354.9,2025-01-18 08:00:00,102403.27857142857,stop_loss,6.305028260037416,-6000.0,-0.9207317974971899,False,1.5,1.5,6,141845.53044780804,135845.53044780804,102403.27857142857,106447.66964285713,5000,5000.0,0,2,0.0,Tier 1: $0k-$150k ($5.0k risk),39.295188155823105,trending
37,2025-01-18 08:00:00,102562.5,2025-01-18 09:15:00,103329.7,tp1_partial,3.8128853737717066,2925.245658757642,0.7480316879951221,True,1.5,1.5,5,135845.53044780804,138770.77610656567,101775.69428571429,105119.61857142857,5000,5000.0,0,3,0.0,Tier 1: $0k-$150k ($5.0k risk),43.37797810196577,trending
37,2025-01-18 08:00:00,102562.5,2025-01-19 02:15:00,105119.61857142857,take_profit,5.71932806065756,14624.999999999978,2.4932295638547886,False,1.5,1.5,73,138770.77610656567,153395.77610656564,101775.69428571429,105119.61857142857,5000,5000.0,0,3,0.0,Tier 1: $0k-$150k ($5.0k risk),43.37797810196577,trending
38,2025-01-25 05:45:00,104315.7,2025-01-25 12:45:00,104702.3857142857,tp1_partial,11.084405485649633,4286.181252650807,0.3706879350718102,True,1.5,1.5,28,153395.77610656564,157681.95735921644,103861.00714285714,105793.45178571428,10500,10500.0,0,0,0.0,Tier 1: $0k-$150k ($5.0k risk),22.12300458030468,trending
38,2025-01-25 05:45:00,104315.7,2025-01-26 23:00:00,103861.00714285714,stop_loss,16.62660822847445,-7560.0,-0.4358815184510654,False,1.5,1.5,165,157681.95735921644,150121.95735921644,103861.00714285714,105793.45178571428,10500,10500.0,0,0,0.0,Tier 1: $0k-$150k ($5.0k risk),22.12300458030468,trending
39,2025-01-29 00:15:00,101433.3,2025-01-29 02:00:00,102096.97142857143,tp1_partial,4.8260260691586705,3202.895615641479,0.6542934406860725,True,1.75,1.75,7,150121.95735921644,153324.8529748579,100597.83,104148.5775,10500,10500.0,0,1,0.0,Tier 1: $0k-$150k ($5.0k risk),24.954348124735326,trending
39,2025-01-29 00:15:00,101433.3,2025-01-29 20:15:00,104148.5775,take_profit,7.239039103738005,19655.999999999945,2.6769093581693553,False,1.75,1.5,80,153324.8529748579,172980.85297485784,100597.83,104148.5775,10500,10500.0,0,1,0.0,Tier 1: $0k-$150k ($5.0k risk),24.954348124735326,trending
40,2025-01-31 03:15:00,104075.8,2025-01-31 06:30:00,104522.52857142857,tp1_partial,10.165447850215147,4541.195996058221,0.4292338578503053,True,1.5,1.5,13,172980.85297485784,177522.04897091608,103580.00285714286,105687.1407142857,10500,10500.0,0,0,0.0,Tier 1: $0k-$150k ($5.0k risk),31.86387548327829,trending
40,2025-01-31 03:15:00,104075.8,2025-01-31 15:30:00,105687.1407142857,take_profit,15.248171775322719,24569.999999999607,1.5482376443762171,False,1.5,1.5,49,177522.04897091608,202092.04897091567,103580.00285714286,105687.1407142857,10500,10500.0,0,0,0.0,Tier 1: $0k-$150k ($5.0k risk),31.86387548327829,trending
41,2025-03-03 08:45:00,91440.6,2025-03-03 10:30:00,92455.72857142858,tp1_partial,5.246393104740473,5325.763537567932,1.1101508207826465,True,1.75,1.75,7,202092.04897091567,207417.8125084836,90479.94,94562.74500000001,10500,10500.0,0,0,0.0,Tier 1: $0k-$150k ($5.0k risk),28.75902782383309,trending
41,2025-03-03 08:45:00,91440.6,2025-03-03 14:45:00,90479.94,stop_loss,7.869589657110708,-7560.0,-1.0505836575875525,False,1.75,1.75,24,207417.8125084836,199857.8125084836,90479.94,94562.74500000001,10500,10500.0,0,0,0.0,Tier 1: $0k-$150k ($5.0k risk),28.75902782383309,trending
42,2025-03-16 02:00:00,83760.0,2025-03-16 02:30:00,84061.14285714286,tp1_partial,26.305900037579285,7921.833897030964,0.359530631736933,True,1.75,1.75,2,199857.8125084836,207779.64640551456,83520.51,84538.3425,10500,10500.0,0,1,0.0,Tier 1: $0k-$150k ($5.0k risk),24.643648595477313,trending
42,2025-03-16 02:00:00,83760.0,2025-03-16 11:00:00,83520.51,stop_loss,39.458850056368924,-9450.0,-0.2859240687679146,False,1.75,1.75,36,207779.64640551456,198329.64640551456,83520.51,84538.3425,10500,10500.0,0,1,0.0,Tier 1: $0k-$150k ($5.0k risk),24.643648595477313,trending
43,2025-03-25 03:30:00,86448.2,2025-03-25 09:15:00,86839.9,tp1_partial,10.57202189918831,4141.0609779120305,0.45310370834788594,True,1.5,1.5,23,198329.64640551456,202470.7073834266,85971.47,87997.5725,10500,10500.0,0,2,0.0,Tier 1: $0k-$150k ($5.0k risk),34.4774808259824,trending
43,2025-03-25 03:30:00,86448.2,2025-03-25 13:30:00,87997.5725,take_profit,15.858032848782464,24570.00000000017,1.792255362170638,False,1.5,1.5,40,202470.7073834266,227040.70738342678,85971.47,87997.5725,10500,10500.0,0,2,0.0,Tier 1: $0k-$150k ($5.0k risk),34.4774808259824,trending
44,2025-04-02 06:00:00,83964.0,2025-04-02 07:30:00,84394.82857142857,tp1_partial,25.274033476521993,10888.775736927924,0.5131110612031037,True,1.75,1.75,6,227040.70738342678,237929.4831203547,83616.80571428571,85092.38142857143,14625,14625.0,0,0,0.0,Tier 1: $0k-$150k ($5.0k risk),22.757124458580797,trending
44,2025-04-02 06:00:00,83964.0,2025-04-02 09:00:00,85092.38142857143,take_profit,37.91105021478299,42778.12500000014,1.3438871761367164,False,1.75,1.75,12,237929.4831203547,280707.6081203548,83616.80571428571,85092.38142857143,14625,14625.0,0,0,0.0,Tier 1: $0k-$150k ($5.0k risk),22.757124458580797,trending
45,2025-04-13 11:45:00,84490.6,2025-04-13 13:15:00,84102.37857142858,stop_loss,56.50769995032284,-21937.5,-0.4594847575605203,False,1.5,1.5,6,280707.6081203548,258770.10812035482,84102.37857142858,85752.31964285714,14625,14625.0,0,0,0.0,Tier 1: $0k-$150k ($5.0k risk),21.004345189747106,trending
46,2025-04-24 07:30:00,92219.1,2025-04-24 08:30:00,91727.28857142858,stop_loss,26.168566349472094,-12870.000000000004,-0.5333075562127861,False,1.25,1.25,4,258770.10812035482,245900.10812035482,91727.28857142858,93633.05785714286,14625,14625.0,0,1,0.0,Tier 1: $0k-$150k ($5.0k risk),41.880076872751694,trending
47,2025-04-26 09:30:00,94135.3,2025-04-26 13:45:00,93843.34000000001,stop_loss,55.1017262638733,-16087.5,-0.3101493276167302,False,1.25,1.25,17,245900.10812035482,229812.60812035482,93843.34000000001,94974.685,14625,14625.0,0,2,0.0,Tier 1: $0k-$150k ($5.0k risk),21.721850746554743,trending
48,2025-05-23 06:00:00,110449.9,2025-05-23 08:30:00,110873.55714285714,tp1_partial,10.300915008018201,4364.056221111306,0.3835740393220346,True,1.75,1.75,10,229812.60812035482,234176.66434146612,110041.00428571428,111778.81107142856,14625,8775.0,3,3,0.4,Tier 1: $0k-$150k ($5.0k risk),20.170761278574734,trending
48,2025-05-23 06:00:00,110449.9,2025-05-23 11:45:00,110041.00428571428,stop_loss,15.451372512027302,-6318.0,-0.3702092209098521,False,1.75,1.75,23,234176.66434146612,227858.66434146612,110041.00428571428,111778.81107142856,14625,8775.0,3,3,0.4,Tier 1: $0k-$150k ($5.0k risk),20.170761278574734,trending
49,2025-05-27 03:00:00,108886.0,2025-05-27 07:45:00,109462.3,tp1_partial,6.359270176865282,3664.8474029274803,0.5292691438752484,True,1.25,1.25,19,227858.66434146612,231523.51174439362,108127.06857142858,111067.92785714286,14625,8775.0,3,4,0.4,Tier 1: $0k-$150k ($5.0k risk),25.821089956124766,trending
49,2025-05-27 03:00:00,108886.0,2025-05-28 03:45:00,108913.24571428572,stop_loss,9.538905265297922,259.8942874568242,0.02502223819932455,False,1.25,0.75,99,231523.51174439362,231783.40603185043,108913.24571428572,111067.92785714286,14625,8775.0,3,4,0.4,Tier 1: $0k-$150k ($5.0k risk),25.821089956124766,trending
50,2025-06-17 07:15:00,106425.1,2025-06-17 08:30:00,106443.99428571429,stop_loss,39.983889275383696,755.4670279373508,0.01775359921135417,False,1.75,1.5,5,231783.40603185043,232538.8730597878,106443.99428571429,107566.30964285716,14625,14625.0,0,0,0.0,Tier 1: $0k-$150k ($5.0k risk),23.391223304039123,trending
51,2025-07-04 04:45:00,108938.2,2025-07-04 07:45:00,108682.03428571428,stop_loss,62.80114434852428,-16087.500000000004,-0.23514773907198283,False,1.25,1.25,12,232538.8730597878,216451.3730597878,108682.03428571428,109674.67642857143,14625,14625.0,0,0,0.0,Tier 1: $0k-$150k ($5.0k risk),20.75344107790471,trending
52,2025-08-07 04:45:00,114308.5,2025-08-07 06:00:00,114579.58571428571,tp1_partial,16.480282519129307,4467.569158328519,0.23715271767691207,True,1.75,1.75,5,216451.3730597878,220918.9422181163,114002.68000000001,115302.415,10500,10500.0,0,1,0.0,Tier 1: $0k-$150k ($5.0k risk),28.45253508131289,trending
52,2025-08-07 04:45:00,114308.5,2025-08-07 10:00:00,115302.415,take_profit,24.72042377869396,24570.000000000447,0.8695022679853148,False,1.75,1.75,21,220918.9422181163,245488.94221811675,114002.68000000001,115302.415,10500,10500.0,0,1,0.0,Tier 1: $0k-$150k ($5.0k risk),28.45253508131289,trending
53,2025-08-14 10:30:00,121168.2,2025-08-14 12:15:00,120640.50428571428,stop_loss,41.57225349024199,-21937.5,-0.4355067701638827,False,1.5,1.5,7,245488.94221811675,223551.44221811675,120640.50428571428,122883.21107142858,14625,14625.0,0,0,0.0,Tier 1: $0k-$150k ($5.0k risk),30.11620665491423,trending
54,2025-09-08 01:15:00,110754.2,2025-09-08 02:30:00,111293.95714285714,tp1_partial,10.967991372118153,5920.051685896247,0.48734688423295836,True,1.25,1.25,5,223551.44221811675,229471.49390401298,110332.97428571428,111965.2239285714,10500,10500.0,0,1,0.0,Tier 1: $0k-$150k ($5.0k risk),20.658988332539284,trending
54,2025-09-08 01:15:00,110754.2,2025-09-08 09:00:00,111965.2239285714,take_profit,16.451987058177227,19923.7499999997,1.0934338639721157,False,1.25,1.25,31,229471.49390401298,249395.2439040127,110332.97428571428,111965.2239285714,10500,10500.0,0,1,0.0,Tier 1: $0k-$150k ($5.0k risk),20.658988332539284,trending
55,2025-09-09 03:00:00,111410.2,2025-09-09 04:15:00,111832.92857142857,tp1_partial,15.669025108008036,6623.744599586602,0.37943435289458965,True,1.25,1.25,5,249395.2439040127,256018.9885035993,110999.51714285713,112590.91321428571,14625,14625.0,0,0,0.0,Tier 1: $0k-$150k ($5.0k risk),29.958362221544245,trending
55,2025-09-09 03:00:00,111410.2,2025-09-09 06:00:00,112590.91321428571,take_profit,23.50353766201205,27750.937499999614,1.0597891524166687,False,1.25,1.25,12,256018.9885035993,283769.9260035989,110999.51714285713,112590.91321428571,14625,14625.0,0,0,0.0,Tier 1: $0k-$150k ($5.0k risk),29.958362221544245,trending
56,2025-09-17 11:45:00,116200.1,2025-09-17 13:30:00,115964.08142857144,stop_loss,74.35855531949971,-17550.0,-0.2031139142122612,False,1.5,1.75,7,283769.9260035989,266219.9260035989,115964.08142857144,116967.16035714286,14625,14625.0,0,0,0.0,Tier 1: $0k-$150k ($5.0k risk),28.095697451533606,trending
57,2025-09-30 08:30:00,113413.4,2025-09-30 09:30:00,113078.08571428571,stop_loss,65.4236963190193,-21937.5,-0.2956566734744582,False,1.5,1.5,4,266219.9260035989,244282.4260035989,113078.08571428571,114503.17142857141,14625,14625.0,0,1,0.0,Tier 1: $0k-$150k ($5.0k risk),29.93077084029005,trending
58,2025-09-30 09:30:00,112945.1,2025-09-30 13:30:00,113360.7,tp1_partial,23.963343983708086,9959.165759628871,0.36796638366780965,True,1.5,1.75,16,244282.4260035989,254241.59176322777,112578.91571428571,114135.19892857144,14625,14625.0,0,2,0.0,Tier 1: $0k-$150k ($5.0k risk),38.82951326971469,trending
58,2025-09-30 09:30:00,112945.1,2025-09-30 19:30:00,114135.19892857144,take_profit,35.94501597556213,42778.12499999947,1.0536968213507547,False,1.5,1.75,40,254241.59176322777,297019.71676322725,112578.91571428571,114135.19892857144,14625,14625.0,0,2,0.0,Tier 1: $0k-$150k ($5.0k risk),38.82951326971469,trending
59,2025-10-28 00:00:00,114034.1,2025-10-28 02:45:00,113572.45142857144,stop_loss,34.84793627805976,-16087.500000000002,-0.4048337921977429,False,1.25,1.25,11,297019.71676322725,280932.21676322725,113572.45142857144,115361.33964285714,14625,14625.0,0,0,0.0,Tier 1: $0k-$150k ($5.0k risk),34.00287070410926,trending
60,2025-11-25 09:45:00,87194.3,2025-11-25 14:30:00,86686.04428571429,stop_loss,31.652374086160417,-16087.500000000002,-0.5829001600858214,False,1.25,1.25,19,280932.21676322725,264844.71676322725,86686.04428571429,88655.53517857143,14625,14625.0,0,1,0.0,Tier 1: $0k-$150k ($5.0k risk),24.146065265489266,trending
61,2025-11-28 01:45:00,90754.3,2025-11-28 03:30:00,91224.0142857143,tp1_partial,12.11424422122689,5690.2335713420525,0.5175669755750304,True,1.25,1.25,7,264844.71676322725,270534.9503345693,90329.34571428571,91976.04357142858,14625,14625.0,0,2,0.0,Tier 1: $0k-$150k ($5.0k risk),21.410120812004468,trending
61,2025-11-28 01:45:00,90754.3,2025-11-28 11:00:00,91976.04357142858,take_profit,18.171366331840336,22200.749999999705,1.3462101205436898,False,1.25,1.25,37,270534.9503345693,292735.70033456903,90329.34571428571,91976.04357142858,14625,14625.0,0,2,0.0,Tier 1: $0k-$150k ($5.0k risk),21.410120812004468,trending
62,2025-12-19 03:30:00,87018.2,2025-12-19 07:00:00,87739.14285714286,tp1_partial,10.462306431653221,7542.7250911401725,0.8284966330524626,True,1.25,1.25,14,292735.70033456903,300278.4254257092,86249.36857142857,89228.59035714285,14625,14625.0,0,0,0.0,Tier 1: $0k-$150k ($5.0k risk),25.19429662507608,trending
62,2025-12-19 03:30:00,87018.2,2025-12-19 15:15:00,89228.59035714285,take_profit,15.69345964747983,34688.67187499989,2.540147184316445,False,1.25,1.25,47,300278.4254257092,334967.0973007091,86249.36857142857,89228.59035714285,14625,14625.0,0,0,0.0,Tier 1: $0k-$150k ($5.0k risk),25.19429662507608,trending
63,2025-12-21 02:45:00,87911.5,2025-12-21 05:15:00,88120.92857142857,tp1_partial,36.33974210037067,7610.580274163117,0.23822659314033454,True,1.25,1.25,10,334967.0973007091,342577.6775748722,87690.15142857142,88547.87714285715,14625,14625.0,0,0,0.0,Tier 1: $0k-$150k ($5.0k risk),29.808563045835797,trending
63,2025-12-21 02:45:00,87911.5,2025-12-21 08:30:00,88547.87714285715,take_profit,54.50961315055601,34688.67187499931,0.7238838409731935,False,1.25,1.25,23,342577.6775748722,377266.3494498715,87690.15142857142,88547.87714285715,14625,14625.0,0,0,0.0,Tier 1: $0k-$150k ($5.0k risk),29.808563045835797,trending
64,2026-01-03 07:30:00,89516.7,2026-01-03 09:30:00,89925.27142857143,tp1_partial,41.62812210915885,17008.06131888516,0.45641922520762584,True,1.75,1.75,8,377266.3494498715,394274.4107687567,89224.83,90465.27749999998,20250,20250.0,0,0,0.0,Tier 1: $0k-$150k ($5.0k risk),20.043786841229917,trending
64,2026-01-03 07:30:00,89516.7,2026-01-03 21:30:00,90465.27749999998,take_profit,62.44218316373828,59231.25,1.059665403215249,False,1.75,1.75,56,394274.4107687567,453505.6607687567,89528.70785714286,90465.27749999998,20250,20250.0,0,0,0.0,Tier 1: $0k-$150k ($5.0k risk),20.043786841229917,trending
